title,score,id,subreddit,url,num_comments,body,created,comments
5 Best Portable Washer Dryer Combo Machine,2,g5kunh,washingmachine,https://www.youtube.com/watch?v=38079_TP21g,3,,1587494238.0,"['wow, what an incredible video. i will be sure to reference this the next time i am in need of a portable washer dryer combo machine.', 'me too!']"
How to lock the washing machine door ?,3,g0g8pi,washingmachine,https://www.reddit.com/r/washingmachine/comments/g0g8pi/how_to_lock_the_washing_machine_door/,0,"Dear reader, 

I'm currently living in a place where the washing machine room is shared between all apartments.  
Since few days we figured out that a f\*\*\*\* crazy psycho is stealing some of our underwear when the machine is finished.

I currently have a Samsung Washmachine (model WD90J6A10AW), is there a general way to keep the door closed? Is there some system to lock it until we come back to take the clothes?  
If needed I will buy another one that could have this capability, my room mate is so afraid now that she is cleaning her clothes at her mom's place.  


Thank you a lot.",1586772988.0,[]
The best sounding washer motor?,3,g0a5mk,washingmachine,https://www.reddit.com/r/washingmachine/comments/g0a5mk/the_best_sounding_washer_motor/,0,"https://youtu.be/4QzJsSiDMG8 

Skip to 1:35 to see it accelerate",1586745474.0,[]
LG WM3170 front load,1,fwa0u3,washingmachine,https://www.reddit.com/r/washingmachine/comments/fwa0u3/lg_wm3170_front_load/,1,"It‚Äôs a 2014 model and I bought it new 5 years ago. The issue I‚Äôm asking about is I have noticed when selecting a ‚Äúhot‚Äù wash cycle, it puts both cold and hot at different times as the wash begins making it a warm wash. Is something wrong with it? How do I get a solid HOT wash cycle?",1586217696.0,"['This used to be an option on more expensive washers but nowadays it‚Äôs more or less standard particularly on front load washers.\n\nThe washing machine is simply checking the temperature of the water coming in to make sure it‚Äôs at the ideal range if that‚Äôs too cold it will add hot water or too hot it will add some cold water to cool it down.\n\nModern detergents use a lot of enzymes and these don‚Äôt work as well in very cold or hot water.  Also too hot water can damage your fabrics.\n\nYou might be able to turn this feature off if it allows you to and usually you can find that option in the settings menu.\n\nOtherwise if you can‚Äôt turn it off, use the sanitize feature if available to get that water really scorching hot.']"
Does anyone know why my machine is making this sound,3,fw18gq,washingmachine,https://v.redd.it/2prqed8rz7r41,3,,1586188678.0,"['he‚Äôs just vibin', ""Well thats a problem with the transfibulator if I ever heard one. You gotta reorient the shump and let it spin up so it can attach and engage the nonsense i'm making up."", 'Damn lol']"
Hotpoint - Direct Injection,3,fu5u05,washingmachine,https://www.reddit.com/r/washingmachine/comments/fu5u05/hotpoint_direct_injection/,1,"
I've just bought a new washer dryer from Hotpoint and it has a Direct Injection feature.

What I don't understand is why it's an option I'd need to choose each time, rather than it automatically always happening, this has made me wonder if there are certain times I shouldn't/wouldn't want to use it.

I've googled as best I can but can't find a solution there or in the manual.",1585908811.0,['same']
Top load vibrates a lot when spinning.,1,fobf52,washingmachine,https://v.redd.it/h4qf0dxk9oo41,6,,1585078256.0,"['Thats broke mate you need  \n\n# Cadine 3-Pack Washing Up Bowl Rectangular, 42 x 32.5 x 14.5 cm\n\nno need to thank me im just a hero', ""All 4 suspensions springs have been changed without any noticeable change.  The machine is also well leveled.  The transmission was changed about 2 years ago.  The vibration seems to have started gradually but now it's kinda bad.  The size of the load doesn't seem to change the behavior.  When i put some pressure on the top front side of the cover, it seems to help with the vibration.  Any toughts avbout the causes of it?  Thanks a lot."", 'I had this issue. The top rim was full of water and would not drain. I ended up drilling a hole in it. It was full to the brim and making the washer shake like this.', 'Actually just replacing the 4 springs and adjusting washing machine level did it.', 'same', 'damn [https://www.google.com/url?sa=i&url=https%3A%2F%2Fwww.britannica.com%2Fbiography%2FDaniel-Craig&psig=AOvVaw3-0rpkLLyJDfq-khbuQNf\\_&ust=1598831957720000&source=images&cd=vfe&ved=0CAIQjRxqFwoTCMjJxKbPwesCFQAAAAAdAAAAABAD](https://www.google.com/url?sa=i&url=https%3A%2F%2Fwww.britannica.com%2Fbiography%2FDaniel-Craig&psig=AOvVaw3-0rpkLLyJDfq-khbuQNf_&ust=1598831957720000&source=images&cd=vfe&ved=0CAIQjRxqFwoTCMjJxKbPwesCFQAAAAAdAAAAABAD)']"
aaaaaahhhhhhhhhhaahahaha,6,fmr3vm,washingmachine,https://i.redd.it/ba8esyxak4o41.jpg,4,,1584839603.0,"['What happened', 'NEW MODALS', 'Is it good', 'i bet']"
siemens iq300 washing machine make wind noise,1,fmgwfs,washingmachine,https://www.reddit.com/r/washingmachine/comments/fmgwfs/siemens_iq300_washing_machine_make_wind_noise/,1,"if I switch the washing program to other program, the noise will be gone, the noise sound like windy,",1584805458.0,['bro literally same']
Best Washing Machines in India,3,flsb8q,washingmachine,https://www.reddit.com/r/washingmachine/comments/flsb8q/best_washing_machines_in_india/,1," 

We all know that washing machines have become one of the most basic necessities of the households and so having the best washing machine in India should always be our priorities so that you can wash clothes in a most effective and efficient manner.

They need to be very effective in terms of time and of course, money is the most important factor.

&#x200B;

**Some of the Best Front Loading Washing Machine In India**

1. [LG 8.0 kg Inverter Fully-Automatic Front Loading Washing Machine (FH2G6TDNL42, Silver, Inbuilt Heater)](https://www.amazon.in/LG-Fully-Automatic-Loading-Washing-FH2G6TDNL42/dp/B07BFGWY94/ref=as_li_ss_il?ie=UTF8&linkCode=li3&tag=bestindiapric-21&linkId=86ec5ea6d0377b0ebd762216592bd853&language=en_IN)
2. [Bosch 7 kg Fully-Automatic Front Loading Washing Machine (WAK24268IN, silver/grey, Inbuilt Heater)](https://www.amazon.in/Bosch-Fully-Automatic-Loading-Washing-WAK24268IN/dp/B00OT9D4SS/ref=as_li_ss_il?ie=UTF8&linkCode=li3&tag=bestindiapric-21&linkId=77b037366146acfeb55b70f1e4c54eb1&language=en_IN)
3. [IFB 8 kg Fully-Automatic Front Loading Washing Machine (Senator Aqua SX, Silver, Inbuilt heater, Aqua Energie water softener)](https://www.amazon.in/IFB-Fully-Automatic-Senator-Aqua-SX/dp/B00LAXLN5C/ref=as_li_ss_il?ie=UTF8&linkCode=li3&tag=bestindiapric-21&linkId=abc5c154bb419945c063b5ac2c52cce2&language=en_IN) 
4. [LG 6 kg Inverter Fully-Automatic Front Loading Washing Machine (-FH0FANDNL02.ABWPEPL, White, Inbuilt Heater)](https://www.amazon.in/LG-Inverter-Fully-Automatic-Loading-FH0FANDNL02/dp/B07CQ2W8GX/ref=as_li_ss_il?ie=UTF8&linkCode=li3&tag=bestindiapric-21&linkId=70aec8e8b9e7c1aa48f304625e2c62c0&language=en_IN)  


&#x200B;

**Some of the Best TopLoading Washing Machine In India**

1. [LG 8 kg Inverter Fully-Automatic Top Loading Washing Machine (T9077NEDL1, Free Silver)](https://www.amazon.in/LG-Fully-Automatic-Loading-Washing-T9077NEDL1/dp/B0751PFZ47/ref=as_li_ss_il?ie=UTF8&linkCode=li3&tag=bestindiapric-21&linkId=0864229d32414f6eab38b796cd5b0510&language=en_IN)
2. [IFB 6.5 kg Fully-Automatic Top Loading Washing Machine (TL-RDW 6.5kg Aqua, Ivory White, Aqua Energie water softener)](https://www.amazon.in/IFB-Fully-Automatic-TL-RDW-6-5kg-Aqua/dp/B00WU9Z040/ref=as_li_ss_il?ie=UTF8&linkCode=li3&tag=bestindiapric-21&linkId=8741750f86b5d5928f009ef8533f5029&language=en_IN)
3. [LG 6.2 kg Inverter Fully-Automatic Top Loading Washing Machine ( T7288NDDLG.ASFPEIL, Middle Free Silver)](https://www.amazon.in/LG-Fully-Automatic-Loading-T7281NDDLG-T7288NDDLG/dp/B079YQJHDD/ref=as_li_ss_il?ie=UTF8&linkCode=li3&tag=bestindiapric-21&linkId=f5b3710fffe9b385dd0e497568016dd3&language=en_IN)
4. [Bosch 6.5 Kg Fully-Automatic Top Loading Washing Machine (WOE654W0IN, White)](https://www.amazon.in/Bosch-Fully-Automatic-Loading-Washing-WOE654W0IN/dp/B07DD5HJQ3/ref=as_li_ss_il?ie=UTF8&linkCode=li3&tag=bestindiapric-21&linkId=6bd166392b6cbbcf677e82389eaf4cde&language=en_IN)

&#x200B;

Choosing the best of them can be done only by considering one of the most important factors so that you don‚Äôt settle for anything lower than best. Choosing the best means considering factors such as

1. Capacity
2. Available Washing Program
3. Automatic or Semi-Automatic Machine
4. Front Load or Top Load
5. Temperature Settings

Best Brand for washing machine in India are as follows

1. LG
2. Samsung
3. Whirlpool
4. IFB

For more detailed information about the best washing machine in India :

[**http://bestindiaprice.com/best-washing-machines-in-india-reviews-and-comparison/**](http://bestindiaprice.com/best-washing-machines-in-india-reviews-and-comparison/) 

For Best Product Reviews: [**Best India Price**](http://www.bestindiaprice.com/)",1584697450.0,"[""Awesome content Best India Price! It's very informative provided every single detail about what should be taken care of before buying the best washing machine in India. You have covered the complete topic such as washing machines capacity, brand, automatic v/s semi-automatic, front loader v/s top loader, temperature setting, available program, and more.\n\nI Went through your blog link and your blog content about the [best washing machine in India](https://www.bajajfinserv.in/insights/best-washing-machine-in-India) is worth reading. The way you have compared different things is awesome! In case you are looking to buy washing machines on easy EMI then you can avail easy EMI offered by Bajaj Finserv EMI Network Card on any washing machine of your choice. This facility is available throughout the India on all the online as well as offline retail stores.""]"
Any suggestions on what could cause and repair this? Or should I bury it!,3,fauuur,washingmachine,https://v.redd.it/8kk1wnzf4oj41,3,,1582897229.0,"['What is that? The pump? I totally recommend seeing a local repair man and listen to his advice. When my tumble dryer broke after a tiny 7 years, the repairman told me that I would only want to spend ‚Ç¨ 90 ($99) on repairs. For that repair, I would have to spend around the ‚Ç¨200 ($220). He told me to bury it and buy a new one. It was all service too, I didn‚Äôt have to spend any money on letting him have a look at it. So if you can find someone who does it that way, I‚Äôd recommend that.', 'So one of the 3 screws holding the pump in worked it‚Äôs way off hence the loud banging. I went to my local repair shop and showed them. I screwed it back in and while there replaced the coupling. Works like a charm. Machine is about 12 yrs old and still working great.', 'Great that it works fine again! My  washing machine is also 12 years old.']"
Washing machine,9,f4clej,washingmachine,https://i.redd.it/elhhfonzh4h41.jpg,0,,1581787921.0,[]
The best way to inspire people,5,eyefs9,washingmachine,https://v.redd.it/x0qluuoi2se41,0,,1580765718.0,[]
Problem with constant spinning,1,ey18ek,washingmachine,https://www.reddit.com/r/washingmachine/comments/ey18ek/problem_with_constant_spinning/,0,"Hi, I have a GE WWSE5240G0WW Washing Machine. I was stupid and ran an unbalanced washing load with a heavy bath mat. It was banging around, and we forcibly shut down the washer and reset it. Now when running the washing machine, once it runs through all cycles, the washing machine keeps spinning as if it's stuck in the spin cycle. All indicating lights turn off at this point. We have tried to look at the error signal in the washing machine motor, but I think the light is dead since it doesn't even show the lights for standby or running, let alone error signals. When we put the washing machine into service mode to check the error codes, we found the Slow Pump and No Fill error codes. The washing machine pumps and fills at a what we believe is a normal rate. We can manually fill and pump out the water as well. We tried resetting the codes. At first, when we ran a test load, it shut off normally, but now when we ran another load, the machine continued to keep spinning when all the cycles finished out. We unplugged the washing machine to shut off the spinning, and no more error codes came up. I am not sure what is going on with the washer. Please help.",1580703349.0,[]
Should this be open?,1,exz511,washingmachine,https://i.redd.it/r4fuv9tg4me41.jpg,3,,1580693732.0,"['Yes, it is normal', 'Please use less soap or softner for your own good. The dosage on the back of the soap container is already too much. Soap contains fat to prevent it from solidifying. This fat will eat holes in the rubber seal and eventually in the bearing. Use less soap, and once a month clean the machine. Dont buy expensive shit to clean it. Just wash at a high temperature without any clothes in it. If the machine is older and not used to the high temperature, use one lower. You could also put some vinegar in it (about a cup). Make sure to put the vinegar in a plastic bowl or somethin, not just loose in the machine. Every machine starts with pumping and it will be gone before used if you just poor it in the machine. \n\nI say this because i see the brown fat that indicates overdosing already. This can also make a shitty smell over time and even get stains in the clothes. However, going on like this will be fatal for the machine. Everybody uses too much soap, even the people who say they dont. Believe me, everybody does, probably even me, thats why all brands come with auto dosing now.', 'Thank you for your wisdom.']"
"Tirumala Music Centre - TMC Retail Store in Telangana, Andhra Pradesh",1,ew4dx5,washingmachine,https://www.reddit.com/r/washingmachine/comments/ew4dx5/tirumala_music_centre_tmc_retail_store_in/,0,"Tirumala Music Centre in Telangana and Andhra Pradesh is the preferred destination for home appliances, TVs, smartphones, gadgets and accessories. TMC Retail Stores showcases the latest electronics range.

[https://www.tmcretail.com/](https://www.tmcretail.com/)",1580385805.0,[]
Time to take a nice bath caw caw,6,evvtjt,washingmachine,https://i.redd.it/blrcz8ku2td41.jpg,0,,1580342077.0,[]
Washing Machine Issues,3,ety02m,washingmachine,https://www.reddit.com/r/washingmachine/comments/ety02m/washing_machine_issues/,1,"I have an old Maytag washer that I bought a couple years back. Recently, the belt on the washer machine frayed and wouldn't stay on my machine, therefore my machine wouldn't agitate or spin at all. So, I thought simple fix, I bought a set of new belts and installed them. My washer machine started agitating and then just stopped working, like at all. No sound, no draining, nothing. So I was told that the fuse in my lid switch could've blown, so I bought a new lid switch assembly for the machine and again, started up fine, started to agitate, then instead of draining the machine didnt drain at all, but this time the timer kept going as though the machine was going through a normal cycle, but there was a burning smell coming from the machine and both the motor and timer were hot to the touch, so I left it for a while and then turned it on for just a couple of seconds to see if it would do anything, and it will drain and spin, but the machine seems to get hot almost instantly. Any advice on what's going on? Is the fuse to strong for the machine? Could the belt be too tight and be causing the motor to overheat? I need advice. I'm trying everything I can.",1579992546.0,['same']
Clothes are starting to pile up...,1,eqfltd,washingmachine,https://www.reddit.com/r/washingmachine/comments/eqfltd/clothes_are_starting_to_pile_up/,1,"Washing machine broke. For the cost of the repair we might as well be buying a new one. 

I‚Äôve searched Home Depot, Lowe‚Äôs and Best Buy for drivers, but does anyone have on they recommend or one I should steer clear of? Our price range is about $4-600, which works out because everyone is having a sale in that price range. 

THANK YOU",1579348905.0,"['Buy a Speed Queen, trust me!']"
"Awful music, awful dance",1,eq1008,washingmachine,https://www.reddit.com/r/washingmachine/comments/eq1008/awful_music_awful_dance/,5,"Hello there! My beko WTE 7602 B0 washing machine recently started moving during the spin cycle. To be more precise, it started shaking. You can feel the (not a native English speaker) big round thingy in which the clothes spin (so professional, I know) trying to escape the evilness that is conforming to its designed axis. I can almost feel it hitting the walls (not always) but when accelerating from a normal spin to like 600 spins/min, all hell breaks loose: it's noisy, shaky, and when it slows down it literally sounds like badunkadunkadunk. I hug it closely and I keep telling it that it's going to be ok, but it's really hard to keep it down. Undoubtedly , my washing machine is stronger than me. 
I really only wear cotton and so does my partner, i also have some woolen or cashmere sweaters but I handwash those. I get jackets professionally cleaned and I do not overload or underload it with clothes. I also use a recommended amount of liquid detergent and fabric conditioner. 
Sorry for my lack of technical terms, I hope I got my point across. 
Can you tell me some causes for this? Thank you in advance",1579271073.0,"['\nIt sounds like your washer is mentally confused and losing its mind, you might need a new one, the same thing happened to mine and it stopped working.', 'most likely your shock absorbers have worn out, which is typical for these machines.  Read here, it is written in Russian but use a translator))) [https://stirremspb.ru/remont-stiralnykh-mashin-beko](https://stirremspb.ru/remont-stiralnykh-mashin-beko)', 'Haha FUCK YOU', 'This makes me very sad, but now I am more emotionally prepared for that situation. Thank you', 'Thank you so much. Sorry for the late response. I will look into that']"
Professional & Reliable Washing Machine Repair Specialist,1,epyp5i,washingmachine,https://www.appliance-repair-express.co.uk,0,,1579257142.0,[]
Washing machine runs water and drains at same time. Won‚Äôt fill.,1,ekzwl9,washingmachine,https://www.reddit.com/r/washingmachine/comments/ekzwl9/washing_machine_runs_water_and_drains_at_same/,1,"Hello!

I have a Frigidaire front loader GLTF530DS0. I accidentally stopped the cycle in the beginning by pulling out the detergent tray. That stopped the washer from continuing to fill. Now when I try to run a load of clothes it will constantly fill and drain at the same time. I left it on the beginning of the cycle for about 20 minutes. Water was running/draining, but never filled. When I try to put it on another step in the cycle it will not continue and just makes a humming sound. I turned the breaker on and off to hopefully reset it but did not work. Help?",1578343055.0,"['Did you try unplugging it, and plugging it back in?']"
stopping the washing machine water pump,2,ek3xi2,washingmachine,https://www.youtube.com/watch?v=IPpAMmcdXGE&feature=share,1,,1578178379.0,['Subscribe to the channel\n\n[http://www.youtube.com/channel/UCl24K2FIKvr39doF\\_OFkN8w?sub\\_confirmation=1](http://www.youtube.com/channel/UCl24K2FIKvr39doF_OFkN8w?sub_confirmation=1)']
Time to eat food in a washing machine caw caw,12,ejq2iu,washingmachine,https://i.redd.it/0vyfpykc9o841.gif,1,,1578104500.0,['the correct way to use a washing machine']
Maytag off balance - Somehow the off balance sensor has stopped working lol.,2,ej58vo,washingmachine,https://v.redd.it/kxpozikvvf841,0,,1578003146.0,[]
Yoooo haha,7,einoc4,washingmachine,https://i.redd.it/0h0w43bud8841.jpg,0,,1577912287.0,[]
leak water into the washing machine,1,eikez6,washingmachine,https://www.youtube.com/watch?v=lrL5o4CAnLE&feature=share,4,,1577897496.0,"['Subscribe to the channel\n\n[http://www.youtube.com/channel/UCl24K2FIKvr39doF\\_OFkN8w?sub\\_confirmation=1](http://www.youtube.com/channel/UCl24K2FIKvr39doF_OFkN8w?sub_confirmation=1)', 'Washing machine', 'Yes it is', 'https://www.reddit.com/r/fixaircondition?utm_medium=android_app&utm_source=share']"
Washing Machine won‚Äôt start,2,ec4zj4,washingmachine,https://www.reddit.com/r/washingmachine/comments/ec4zj4/washing_machine_wont_start/,1,"Ive got a Fisher & Paykel washing machine GW711. Since Saturday (14th December) I tried to put a load of washing on but when I pushed the start button, it started beeping and lights 5 & 8 come up. I can change all the settings etc but I push start and it just beeps and the lights come up. 
I have no idea what‚Äôs wrong.",1576629953.0,"['I dunno man, I joined this sub for the memes']"
Can anyone tell me what this part name is? I have a Kenmore Elite.,2,e92gjo,washingmachine,https://i.redd.it/hvge03g9qx341.jpg,0,,1576039899.0,[]
Need to bypass centrifuge sensor,2,dy2dq7,washingmachine,https://www.reddit.com/r/washingmachine/comments/dy2dq7/need_to_bypass_centrifuge_sensor/,0,Mega frustrated!!!  1 hour machine still will not spin up on the centrifuge..is spins up empty..I need to bypass the stupid sensor..anyone have any ideas how to do this..machine is almost new!! I don't care about the warranty...I just want it to spin!!!,1574079044.0,[]
Hey there Where does this go??,2,dtu35c,washingmachine,https://i.redd.it/ma6yuskpvmx31.jpg,4,,1573293467.0,"['in the washing machine', 'i think thats a dishwasher go to r/dishwashers', 'Thanks', 'no problem']"
My washing machine is loud,3,dofh1g,washingmachine,https://v.redd.it/5ymphg8zkcv31,1,,1572297114.0,['bro honestly same']
What Do The Different Settings On Your Washing Machine Mean?,2,djz9i8,washingmachine,https://pypto.com/what-do-the-different-settings-on-your-washing-machine-mean/,0,,1571461326.0,[]
Left detergent drawer open help,3,dhv020,washingmachine,https://www.reddit.com/r/washingmachine/comments/dhv020/left_detergent_drawer_open_help/,0,"I put in a load of washing, half way through the cycle i opened drawer and forgot to close it (fabric softener not dispensed yet). And then left the house. What will happen now?",1571078704.0,[]
What Are The Different Types Of Laundry Detergents?,6,dggqn3,washingmachine,https://pypto.com/what-are-the-different-types-of-laundry-detergents/,0,,1570807536.0,[]
"Frog jumped behind drum of washing machine, what do I do?",1,ddmh3o,washingmachine,https://www.reddit.com/r/washingmachine/comments/ddmh3o/frog_jumped_behind_drum_of_washing_machine_what/,0,"There was a frog in my washing machine this morning. I was trying to get him out by encouraging him to climb up and out, but instead he jumped into the gap between the drum and the lid. Can he still get out on his own? I'm assuming if I run a load of laundry, he will drown back there and then what will I do? I could leave the lid open and hope he comes out on his own, but how will I know he's out? What a terrible, bizarre way to start my day...",1570277615.0,[]
Top 12 best washing machine in India (2019) - Users guide and FAQ's,2,db5eie,washingmachine,http://popcornsandspices.in/best-washing-machine-in-india/,0,,1569812106.0,[]
"Ah yes, my front loader, still going strong after 12 years. I really like the big differences between American an European washers. Like choosing explicit temperatures instead of the warm/hot options, also it‚Äôs waaaaaay smaller, it has a 7 KG (15.4 lbs) capacity.",7,d8sx3h,washingmachine,https://i.redd.it/foxtpee6qlo31.jpg,4,,1569356865.0,"['Any idea where you could buy a European washing machine in the US?', 'I bought a Miele from PC Richard and Son. Just go on their websites and check out who deals the products.', 'I‚Äôm sorry, but no. I‚Äôm Dutch, so I will always own a European machine. If I knew, I would‚Äôve told you.', 'Miele is truly one of the best brands available in Europe. Amazing machines, but honestly, if you want a slightly cheaper washing machine, AEG is the best in being more cheap and washing like your average Miele.']"
haha yeah,5,d8ctk0,washingmachine,https://i.redd.it/yu03v0xuqeo31.png,1,,1569272345.0,['nice']
Advantages and Disadvantages of using a Clothes Dryer,3,d823av,washingmachine,https://pypto.com/advantages-and-disadvantages-of-using-a-clothes-dryer/,0,,1569215994.0,[]
The Opossum Washer,3,d6wft1,washingmachine,https://v.redd.it/aebgt74hnrn31,0,,1568992892.0,[]
Front Loading Washing Machines,2,d6qwcn,washingmachine,http://lgnepal.com/product-category/home-appliances/washing-machines/front-loading-washing-machines/,0,,1568961176.0,[]
Buy washing machine from the leading IFB Washing Machine Dealer in Mohali,2,d1pm6x,washingmachine,https://acdealersinchandigarh.blogspot.com/2019/09/buy-washing-machine-from-leading-ifb.html,0,,1568028470.0,[]
HELP! Washed cloths that were used with T-cut on the car in the washing machine and can't get rid of the smell!,1,cwmfl4,washingmachine,https://www.reddit.com/r/washingmachine/comments/cwmfl4/help_washed_cloths_that_were_used_with_tcut_on/,0,Has anyone ever washed polish and tcut cloths in their washing machine and ever found a way of getting rid of the smell from the machine? I can't and the Mrs isn't too impressed. Can't use the machine with it smelling like it as the clothes are smelling of it when it comes out. Any help would be great. Tried cleaning the machine with bicarbonate soda and white vinegar and run a hot wash too with nothing in it. Not working and now the kitchen sticks of tcut too üôà,1567006516.0,[]
Contact Washing Machine Dealers in Chandigarh For A Washing Machine with Innovative Features,1,cudgqd,washingmachine,https://washingmachinedealersinchandigarh.wordpress.com/2019/08/23/contact-washing-machine-dealers-in-chandigarh-for-a-washing-machine-with-innovative-features,0,,1566564746.0,[]
Help with leak,3,cso1u0,washingmachine,https://i.redd.it/zqaojeow8hh31.jpg,0,,1566251693.0,[]
1922!!,4,coe2e9,washingmachine,https://v.redd.it/pmddvw4l4kf31,0,,1565414984.0,[]
Washing machine makes a beat,10,bone70,washingmachine,https://youtu.be/dAXa3wTZjes,1,,1557862297.0,['Washing machine type beat']
Washing machine from hell,13,astj9z,washingmachine,https://i.redd.it/8fdo9rg3dsh21.jpg,1,,1550695748.0,"[""That's a dryer...""]"
Look at this beauty.,4,as3pjz,washingmachine,https://i.redd.it/0p6xkfawxeh21.jpg,1,,1550533264.0,['how much kg?']
