Title,Price,Sold,Reviews,Condition,Display Technology,Model,Maximum Resolution,Refresh Rate,Features,Color,Smart TV Features,Audio/Video Inputs,Year Manufactured,MPN,Brand,Manufacturer Warranty,Screen Size,UPC,Energy Star,Type,Warranty - Labor,Warranty - Parts,Built-in Digital Tuner,Custom Bundle,3D Technology,EAN,Manufacturer,Assembled Product Dimensions (L x W x H),Manufacturer Part Number,Connector Type,Streaming Services,Is Smart,Resolution,Assembled Product Weight,ISBN,Format,EC Range,Series,Country/Region of Manufacture,Model#,Manufacturer Color,Plug Type,Material,Color System,Voltage,Speaker,Depth (with stand),Width (with stand),Height (with stand),Compatible Brand,Class of efficiency energy,Scale of efficiency energy,modell,Internetverbindung,Processor,Speicherkapazit√§t,Ability to storage,Functionality Smart TV,Inputs Audio / Video,Internet connectivity,Storage capacity,Tuner digital integrated1,Tuner digital integrated2,Tuner digital integrated3,Tuner digital integrated4,Functionality Smart TV1,Inputs Audio / Video1,Tuner digital integrated,Functionality Smart TV2,Size,Televisions:Screen_Size_Class,Home_Video:Series,Bundle Description
"Insignia 24"" HD 720p Class F20 Series LED Smart Fire TV Model NS-24DF310NA21",108.98,143 sold, ,"New: A brand-new, unused, unopened, undamaged item in its original packaging (where packaging is applicable). Packaging should be the same as what is found in a retail store, unless the item is handmade or was packaged by the manufacturer in non-retail packaging, such as an unprinted box or plastic bag. See the seller's listing for full details. ",LED,NS-24DF310NA21,HD (720p),60Hz,Works with Amazon Alexa,black,Fire TV,"RCA, HDMI",2021,NA,Insignia,n/a,"24""",600603273322,,,,,,,,,,,,,,,,,,,,,,,,,,,,,,,,,,,,,,,,,,,,,,,,,,,,,,,
"TCL 32"" Class HD LED Android Smart TV 3-Series - 32S21 Brand New Free Shipping",159.99,28 sold, ,"New: A brand-new, unused, unopened, undamaged item in its original packaging (where packaging is applicable). Packaging should be the same as what is found in a retail store, unless the item is handmade or was packaged by the manufacturer in non-retail packaging, such as an unprinted box or plastic bag. See the seller's listing for full details. ",LED,3-Series,720p (HD),,"Dolby Audio, HD Picture Quality, Hey Google / Google Assistant, Remote Control Included",Black,Android TV,"Composite Video RCA, HDMI",,,TCL,,32 in,846042024136,A,,,,,,,,,,,,,,,,,,,,,,,,,,,,,,,,,,,,,,,,,,,,,,,,,,,,,,
"NEW ROKU Smart TV 40"" FHD LED H4030F Series 40H4030F1 (Black)", , , ,"New: A brand-new, unused, unopened, undamaged item in its original packaging (where packaging is applicable). Packaging should be the same as what is found in a retail store, unless the item is handmade or was packaged by the manufacturer in non-retail packaging, such as an unprinted box or plastic bag. See the seller's listing for full details. ",LED,Hisense 43H5500G,1080p (FHD),,Wall Mountable,Black,"Closed Captioning (CC), Downloadable Apps, Internet Browsing, Netflix",,,,Roku,,40 in,,,,,,,,,,,,,,,,,,,,,,,,,,,,,,,,,,,,,,,,,,,,,,,,,,,,,,,,
"Samsung - 43"" Class 7 Series LED 4K UHD Smart Tizen TV",275.0,6 watchers,"['I cannot connect to computer, and cannot replace the old SONY yet.  I can talk to the TV and user interface is quite clear and easy to use until ""unknown"" source had to be recognized.  I may have to bring a technician at $85.00 per hour to make it work, perhaps.  Will you cover some of these costs?            THIS IS UNACCEPTABLE', 'Awesome TV based on cost, size, picture quality and being shipped free. ', 'The picture on the tv is ok, but the app section does not work correctly.  I have to delete some apps and re download them frequently.  I had a Roku no name tv that was a much better quality tv.  I am very disappointed in this purchase.', 'True 4K TV. I have a three 43 Inch TV computer setup. This came in no damage. Its nice. ', 'I am having problems with the channels I scan and they don‚Äôt seem to want to stay and don‚Äôt know what the problem is TVs in the house so work fine it‚Äôs just worn out on my deck that don‚Äôt work fine', ""It's pretty good. Make me wonder what the larger displays are like."", 'Good picture. Nice tv. Happy with purchase ', 'Very happy with the picture, sound and operation of the TV, outstanding.', 'very easy setup and startup ', 'color tv, wow']","New: A brand-new, unused, unopened, undamaged item in its original packaging (where packaging is applicable). Packaging should be the same as what is found in a retail store, unless the item is handmade or was packaged by the manufacturer in non-retail packaging, such as an unprinted box or plastic bag. See the seller's listing for full details. ",LED,Samsung TU7000,2160p (4K),,"Wi-Fi Enabled, Wall Mountable",Gray,"Internet Streaming Interface, Home Network Streaming, Internet Browsing","Coaxial F, HDMI, USB 2.0",2020,UN43TU7000FXZA,Samsung,Yes,43 in,887276400037,,Televisions,1 Year,1 Year,"QAM, ATSC",,,,,,,,,,,,,,,,,,,,,,,,,,,,,,,,,,,,,,,,,,,,,,,,,,
"Onn 75"" Class 4k UHD (2160p) LED Frameless Roku Smart TV MSRP $949 ‚Äì",599.0, , ,"New: A brand-new, unused, unopened, undamaged item in its original packaging (where packaging is applicable). Packaging should be the same as what is found in a retail store, unless the item is handmade or was packaged by the manufacturer in non-retail packaging, such as an unprinted box or plastic bag. See the seller's listing for full details. ",LED,100044717,2160p (4K),60 Hz,Thin Bezel,Black,Roku,"Audio-In Jack (3.5mm), Coaxial F, Composite Video RCA, HDMI, Optical Cable, USB, LAN",,,ONN,,75 in,681131379120,,,,,,,,,,,,,,,,,,,,,,,,,,,,,,,,,,,,,,,,,,,,,,,,,,,,,,,
Samsung QN55LS03AA 55‚Äù The Frame QLED UHD 4K Smart TV QN55LS03AAFXZA (2021),919.0,88 sold, ,"New: A brand-new, unused, unopened, undamaged item in its original packaging (where packaging is applicable). Packaging should be the same as what is found in a retail store, unless the item is handmade or was packaged by the manufacturer in non-retail packaging, such as an unprinted box or plastic bag. See the seller's listing for full details. ",LED,QN55LS03AAFXZA,2160p (4K),240 Hz,"Bluetooth, Wi-Fi Enabled, HDTV Enabled, Local Dimming, Built-in Speakers, Ethernet Port, Wall Mountable, RS-232C, Flat Screen",Black,"Netflix, Internet Streaming Interface, Home Automation Control, Closed Captioning (CC), Voice Interaction, Downloadable Apps, Home Network Streaming, Internet Browsing","Digital Audio Optical TOSLINK, Coaxial F, HDMI, USB 2.0",2021,QN55LS03AAFXZA,Samsung,,55 in,887276522593,,,,,ATSC,,,,,,,,,,,,,,,,,,,,,,,,,,,,,,,,,,,,,,,,,,,,,,,,,,
VIZIO 75‚Äùinch New TV Quantum LED 4K UHD SMART.   THIS IS A  BOX DAMAGED ITEM.,300.0, , ,"New: A brand-new, unused, unopened, undamaged item in its original packaging (where packaging is applicable). Packaging should be the same as what is found in a retail store, unless the item is handmade or was packaged by the manufacturer in non-retail packaging, such as an unprinted box or plastic bag. See the seller's listing for full details. ",LED,Vizio M75Q7,2160p (4K),60 Hz,,,,HDMI,,,VIZIO,,75 in,,,,,,,,,,,,,,,,,,,,,,,,,,,,,,,,,,,,,,,,,,,,,,,,,,,,,,,,
"Hisense 75U800GR 75"" ULED 8K Premium Roku Smart TV 2021 + Movies Streaming Pack",1899.99,30-day returns, ,"New: A brand-new, unused, unopened, undamaged item in its original packaging (where packaging is applicable). Packaging should be the same as what is found in a retail store, unless the item is handmade or was packaged by the manufacturer in non-retail packaging, such as an unprinted box or plastic bag. See the seller's listing for full details. ",LED,75U800GR,4320p (8K),120 Hz,"Game Mode, Local Dimming, Wall Mountable, HDR TV, Upscaling to 8K",Black,"Netflix, Internet Streaming Interface, Not Supported, Closed Captioning (CC), Voice Interaction, Screen Mirroring, Downloadable Apps","USB, Composite Video RCA, HDMI",2021,75U800GR,Hisense,1 Year,74.5 in,888143011271,Not Compliant,,,,ATSC,Yes,Not Supported,0888143011271,,,,,,,,,,,,,,,,,,,,,,,,,,,,,,,,,,,,,,,,,,,,,,,
Samsung AU8000 50 inch 2160p Crystal UHD LED Smart TV, , ,"[""This TV arrived in 4 days via UPS in excellent condition. No damage to the outside carton or to the TV.Physical unpacking and set up was easy. Complying with all the Samsung setup conditions was intrusive and offensive. It left a bad taste. It could use an additional HDMI port and traditional RCA jacks (red, yellow, white). It would be charitable to describe the remote as minimalist. We purchased an inexpensive universal remote with real channel buttons and functional controls and it made a positive difference. Voice control isn't a necessary feature for us. This TV meets our requirements but it's a bit pricey for what you get."", ""the remote is to small and not enough control buttons . I don't like the fact I have to go through screens to get to controls .the lack of inputs on side is a design problem. you cant change the picture ratio. volume control needs to be better. picture and sound is nice ,voice control remote is a mixed bag, The internet part is quite is good .I really like Samsung but this tv is a rather Big disappointment. The size of the mounting bolts size is WRONG BIG TIME IN GOOGLE.ITS A DECENT TV BUT IT Should have been design a lot better."", 'Great display, sound, and performance. A great investment if you want an excellent TV for the$$$$. Definitely recommend it to anyone with a low budget or that don‚Äôt want to spend too much on a TV.', 'Beautiful, bright picture. Minimalist remote (but replete with features).', 'Good quality picture. Smart features are great.  Speakers are OK.', ""Great Tv good picture. okay there's just so much you say about a tv."", 'great picture,.a little hard to navigate,and remote code not displayed clearly if at all.', 'This is an excellent TV, right out of the box very easy to set up, if you have another Samsung TV you can transfer your settings from that TV to this new TV. Very easy setup this way. Picture is crystal clear!', 'Relatively easy to set up and has a great picture.  ', ""The picture is clear as a bell and it was easy to hang on the wall. I bought an articulating mount so we could watch from any angle. I still haven't tried all the goodies available and maybe I'm too dumb for a smart TV. Anyway, we love it.""]","New: A brand-new, unused, unopened, undamaged item in its original packaging (where packaging is applicable). Packaging should be the same as what is found in a retail store, unless the item is handmade or was packaged by the manufacturer in non-retail packaging, such as an unprinted box or plastic bag. See the seller's listing for full details. ",LED,AU8000,2160p (4K),120 Hz,"Bluetooth, Widescreen (16:9), Game Mode, Wall Mountable, HDR TV, Thin Bezel, Remote Control Included, UpScaling to 4K, Mirror TV, Wi-Fi Enabled, Ethernet Port, Voice Search, Flat Screen",Black,"Netflix, Internet Streaming Interface, Home Automation Control, Downloadable Apps, Home Network Streaming, Internet Browsing","Digital Audio Optical TOSLINK, Coaxial F, HDMI, USB 3.0, USB 2.0",2021,UN50AU8000FXZA,Samsung,,50 in,0887276522975,,,,,,,,,,,,,,,,,,,,,,,,,,,,,,,,,,,,,,,,,,,,,,,,,,,,,,,
"TCL 55"" Class 4-Series 4K UHD HDR Roku Smart TV", , , ,"New: A brand-new, unused, unopened, undamaged item in its original packaging (where packaging is applicable). Packaging should be the same as what is found in a retail store, unless the item is handmade or was packaged by the manufacturer in non-retail packaging, such as an unprinted box or plastic bag. See the seller's listing for full details. ",HDR,55S431,4K UHD,60 Hz,"Bluetooth, Wi-Fi Enabled, Game Mode, Ethernet Port, Wall Mountable, HDR TV, Flat Screen, Remote Control Included, Wi-Fi Ready",Black,"Netflix, Internet Streaming Interface, Downloadable Apps, Internet Browsing","Digital Audio Optical TOSLINK, Coaxial F, HDMI, USB 2.0",2021,AU8000,TCL,,55 in,,,,,,,,,,,,,,,,,,,,,,,,,,,,,,,,,,,,,,,,,,,,,,,,,,,,,,,,
"Refurbished VIZIO 32"" Class HD Smart TV D-Series D32h-J",148.8,Last item available, ,"New: A brand-new, unused, unopened, undamaged item in its original packaging (where packaging is applicable). Packaging should be the same as what is found in a retail store, unless the item is handmade or was packaged by the manufacturer in non-retail packaging, such as an unprinted box or plastic bag. See the seller's listing for full details. ",Does not apply,Does not apply,Does not apply,,,,,,,,Does not apply,,Does not apply,726084371217,,Does not apply,,,,,,0726084371217,Vizio,28.88 x 7.04 x 19.49 Inches,D32h-J09,Digital Audio Out. Composite. USB. RF Tuner. HDMI,"Netflix, Hulu, Apple TV+, Disney+, Tubi, YouTube TV, Peacock, You",Y,720p,8.71 lb,Does not apply,,,,,,,,,,,,,,,,,,,,,,,,,,,,,,,,,,,,,,
Samsung AU8000 55 inch 4K Smart LED TV, , ,"['The Samsung tv was purchased in just the right timing.  Our set we had prior, was about to give up the ghost.  The Samsung is a wonderful set, with vibrant colors and the option to make them less vibrant if you choose.  Arrival was packaged properly, and it was a good thing, since the delivery person dropped the tv and it bounced.  Thank God it was grass it landed on.  It did not affect the tv in any way.  It says alot for the manufacturer of this set.  Thank you for a wonderful Christmas gift to my family and I.  Joyce Wagner', 'I am totally satisfied with the performance of the tv. The only lack I see is the amount of included instruction for installation. I know there is an e manual but I think such things as component instillation should be included in the printed information.', 'Great value easy to use great picture quality', 'This is a low to mid level Samsung that replaced a year old $2000 Q90 55"" TV.  The year old TV went out 2 weeks after the one year warranty expired.  I\'ve been informed by repairman that this is common.  This TV is less impressive but is very good picture.  The TV continues to have problems with refresh rate and processing the internet, just as the expensive one.  I did buy an extra year warranty expecting the TV to die in one year like all the rest.', 'Awesome clear picture,love the full screen and easy functions,very pleased üòä', 'Samsung 55: AU8000 4K Crystal UHD HDR Smart TV-3 HDMI ( 2021) I Love my New Crystal 55""  TV,  Because Samsung is a very good Product, Always love their products, and I am very satisfied with my TV.', 'I love my new smart Samsung tv.   The view, sound and picture is absolutely fantastic.  Great price too!', 'perfect item, thanks', 'I like the 55 inch Samsung TV but it has a tapping sound for awhile  when it‚Äôs off which is a bit annoying. I have another Samsung 55 inch that I bought approximately 2 years ago and I don‚Äôt hear that tapping sound from it.', 'Met our needs perfectly. Easy to install. Shipping was good and tracking for spot on. ']","New: A brand-new, unused, unopened, undamaged item in its original packaging (where packaging is applicable). Packaging should be the same as what is found in a retail store, unless the item is handmade or was packaged by the manufacturer in non-retail packaging, such as an unprinted box or plastic bag. See the seller's listing for full details. ",LED,AU8000,2160p (4K),60 Hz,"Bluetooth, Wi-Fi Enabled, Game Mode, Ethernet Port, Wall Mountable, HDR TV, Flat Screen, Remote Control Included, Wi-Fi Ready",Black,"Netflix, Internet Streaming Interface, Downloadable Apps, Internet Browsing","Digital Audio Optical TOSLINK, Coaxial F, HDMI, USB 2.0",2021,AU8000,Samsung,,55 in,0887276522982,,,,,,,,,,,,,,,,,,,,,,,,,,,,,,,,,,,,,,,,,,,,,,,,,,,,,,,
"Samsung QN65QN900A 65"" 8K Neo QLED Smart TV (2021) - Stainless Steel", , , ,"New: A brand-new, unused, unopened, undamaged item in its original packaging (where packaging is applicable). Packaging should be the same as what is found in a retail store, unless the item is handmade or was packaged by the manufacturer in non-retail packaging, such as an unprinted box or plastic bag. See the seller's listing for full details. ",LED,Samsung QN900A,4320p (8K),,"Bluetooth, Wi-Fi Enabled",Silver,Internet Browsing,USB 2.0,,QN65QN900AFXZA,Samsung,,65 in,0887276521305,,,,,,,,,,,,,,,,,,,,,,,,,,,,,,,,,,,,,,,,,,,,,,,,,,,,,,,
"SAMSUNG 75"" Class 4K Crystal UHD LED Smart TV with HDR UN75TU7000 - MSRP $1679",845.0,5 watchers, ,"New: A brand-new, unused, unopened, undamaged item in its original packaging (where packaging is applicable). Packaging should be the same as what is found in a retail store, unless the item is handmade or was packaged by the manufacturer in non-retail packaging, such as an unprinted box or plastic bag. See the seller's listing for full details. ",QLED,Samsung TU7000,2160p (4K),60 Hz,HDR TV,Black,"Closed Captioning (CC), Downloadable Apps, Appstore",USB 3.0,,UN75TU7000bxza,Samsung,,75 in,7445044259251,5 Stars,Does not apply,,,NTSC,No,2D to 3D Conversion,,Samsung,,UN75TU7000BXZA,HDMI (2); USB (1); RF In (1); Digital Audio Out(1); Ethernet (1),"YouTube, Netflix, HBO NOW, Hulu, Disney+, ESPN, Apple TV+, ShowMa",Y,"4K UHD (3,840 x 2,160)",92.4 lb,,Flat,A+++ - G,7 Series,China,,,,,,,,,,,,,,,,,,,,,,,,,,,,,,,,,,
LG NanoCell 75 Series HDR 4K UHD LED Smart webOS TV (2021 Model)  - Choose Size,366.99,30-day returns, ,"New: A brand-new, unused, unopened, undamaged item in its original packaging (where packaging is applicable). Packaging should be the same as what is found in a retail store, unless the item is handmade or was packaged by the manufacturer in non-retail packaging, such as an unprinted box or plastic bag. See the seller's listing for full details. ",LED,LG 50NANO75UPA,2160p (4K),60 Hz,Wi-Fi Enabled,Gray,Internet Browsing,USB 2.0,2021,50NANO75UPA,LG,1 Year,50 in,,,,,,ATSC,No,Not Support,,,,,,,,,,,,,,Mexico,,,,,,,,,,,,,,,,,,,,,,,,,,,,,,,,,,
NEW TCL  3 Series 32‚Äù HD Smart Android Tv ,169.99,30-day returns,"[""This TV is an excellent size for the space it is used. Disappointed in the fact that TV won't interface with the DirecTV remote, on/off and volume must be controlled with TCL remote. "", 'TCL is tops in smart tv technology, easy to set up, bright clear picture, simple remote control.', 'Great Choice For A Replacement of our small bedroom set that failed, since it has ROKUfeatures built into the unit!', 'A great tv with an great price.  Works great with a great picture.  Love the tv', 'I bought this TV primarily so that I could it could use my wireless speaker and it works fabulously and a great value', 'This was the perfect TV for my grand-daughter. It has all the apps she enjoys to watch her favorite programs.', 'Very good quality and shipped on time love this tv ', ""You can't go wrong with a TCL brand. quality and durability."", 'In its price range, it is great.', 'Excellent TV I love the Chromecast built in and the android system']","New: A brand-new, unused, unopened, undamaged item in its original packaging (where packaging is applicable). Packaging should be the same as what is found in a retail store, unless the item is handmade or was packaged by the manufacturer in non-retail packaging, such as an unprinted box or plastic bag. See the seller's listing for full details. ",LED,TCL 3-Series S330,1080p,60 Hz,"Bluetooth, Wi-Fi Enabled, Headphone Jack, Ethernet Port",Black,"Netflix, Internet Streaming Interface, Home Automation Control, Voice Interaction, Android TV, Screen Mirroring","Digital Audio Optical TOSLINK, Coaxial F, Composite Video RCA, HDMI, USB 2.0",2020,32S330,TCL,,32 in,0846042014335,,,,,"NTSC, QAM, ATSC",,,,,,,,,,,,,,,,,,,,,,,,,,,,,,,,,,,,,,,,,,,,,,,,,,
"Samsung 70"" inch 4K LED Smart TV 2021 HDR Crystal Ultra HD *Cyber Deal* ",849.99,30-day returns, ,"New: A brand-new, unused, unopened, undamaged item in its original packaging (where packaging is applicable). Packaging should be the same as what is found in a retail store, unless the item is handmade or was packaged by the manufacturer in non-retail packaging, such as an unprinted box or plastic bag. See the seller's listing for full details. ",LED,Samsung TU7000,2160p (4K),60 Hz,Wall Mountable,Gray,"Internet Streaming Interface, Downloadable Apps",HDMI,2020,UN70TU7000FXZA,Samsung,1 year,70 in,0887276400075,Compliant,,,,"QAM, ATSC",No,,,,,,,,,,,,,A - G,,,UN70TU6985FXZA,,,,,,,,,,,,,,,,,,,,,,,,,,,,,,,,,
"Vizio D32h-J09 32"" HD Smart TV - Black",269.99, , ,"New: A brand-new, unused, unopened, undamaged item in its original packaging (where packaging is applicable). Packaging should be the same as what is found in a retail store, unless the item is handmade or was packaged by the manufacturer in non-retail packaging, such as an unprinted box or plastic bag. See the seller's listing for full details. ",LED,VIZIO D32h-J09,720p (HD),60 Hz,"Virtual Surround, Wi-Fi Enabled, Headphone Jack, Flat Screen",Black,"Netflix, Internet Streaming Interface, Downloadable Apps, Home Network Streaming, Internet Browsing",HDMI,,D32H-J09,VIZIO,,32 in,,,,,,,,,,,,,,,,,,,,,,,,,,,,,,,,,,,,,,,,,,,,,,,,,,,,,,,,
"Samsung AU8000 75"" 4K Ultra HD HDR Smart LED TV - 2021",789.6,8 watchers, ,"New: A brand-new, unused, unopened, undamaged item in its original packaging (where packaging is applicable). Packaging should be the same as what is found in a retail store, unless the item is handmade or was packaged by the manufacturer in non-retail packaging, such as an unprinted box or plastic bag. See the seller's listing for full details. ",LED,Samsung AU8000,2160p (4K),,"Bluetooth, Wi-Fi Enabled",Black,"Voice Interaction, Downloadable Apps, Internet Browsing","USB, HDMI",2021,UN75AU8000FXZA,Samsung,,75 in,0887276523026,,,,,,,"2D to 3D Conversion, 3D to 2D Conversion",,,,,,,,,,,,,,,,,,,,,,,,,,,,,,,,,,,,,,,,,,,,,,,,
"SAMSUNG 60"" Class QLED 4K (2160P) LED Smart TV QN60Q60 2021", , ,"['The Samsung tv was purchased in just the right timing.  Our set we had prior, was about to give up the ghost.  The Samsung is a wonderful set, with vibrant colors and the option to make them less vibrant if you choose.  Arrival was packaged properly, and it was a good thing, since the delivery person dropped the tv and it bounced.  Thank God it was grass it landed on.  It did not affect the tv in any way.  It says alot for the manufacturer of this set.  Thank you for a wonderful Christmas gift to my family and I.  Joyce Wagner', 'I am totally satisfied with the performance of the tv. The only lack I see is the amount of included instruction for installation. I know there is an e manual but I think such things as component instillation should be included in the printed information.', 'Great value easy to use great picture quality', 'This is a low to mid level Samsung that replaced a year old $2000 Q90 55"" TV.  The year old TV went out 2 weeks after the one year warranty expired.  I\'ve been informed by repairman that this is common.  This TV is less impressive but is very good picture.  The TV continues to have problems with refresh rate and processing the internet, just as the expensive one.  I did buy an extra year warranty expecting the TV to die in one year like all the rest.', 'Awesome clear picture,love the full screen and easy functions,very pleased üòä', 'Samsung 55: AU8000 4K Crystal UHD HDR Smart TV-3 HDMI ( 2021) I Love my New Crystal 55""  TV,  Because Samsung is a very good Product, Always love their products, and I am very satisfied with my TV.', 'I love my new smart Samsung tv.   The view, sound and picture is absolutely fantastic.  Great price too!', 'perfect item, thanks', 'I like the 55 inch Samsung TV but it has a tapping sound for awhile  when it‚Äôs off which is a bit annoying. I have another Samsung 55 inch that I bought approximately 2 years ago and I don‚Äôt hear that tapping sound from it.', 'Met our needs perfectly. Easy to install. Shipping was good and tracking for spot on. ']","New: A brand-new, unused, unopened, undamaged item in its original packaging (where packaging is applicable). Packaging should be the same as what is found in a retail store, unless the item is handmade or was packaged by the manufacturer in non-retail packaging, such as an unprinted box or plastic bag. See the seller's listing for full details. ",LED,qn60q60,2160p (4K),240 Hz,"Bluetooth, Wi-Fi Enabled, Game Mode, Ethernet Port, Wall Mountable, HDR TV, Flat Screen, Remote Control Included, Wi-Fi Ready",Black,"Netflix, Internet Streaming Interface, Downloadable Apps, Internet Browsing, Opera TV, Screen Mirroring","Digital Audio Optical TOSLINK, Coaxial F, HDMI, USB 2.0",2021,AU8000,Samsung,,60 in,,,,,,,,,,,,,,,,,,,,,,,,,,,,,,,,,,,,,,,,,,,,,,,,,,,,,,,,
"Brand New ONN 100012584 43"" Ultra HD LED Smart TV - Black (SHIPS TODAY)",235.0, , ,"New: A brand-new, unused, unopened, undamaged item in its original packaging (where packaging is applicable). Packaging should be the same as what is found in a retail store, unless the item is handmade or was packaged by the manufacturer in non-retail packaging, such as an unprinted box or plastic bag. See the seller's listing for full details. ",LED,100012584,2160p (4K),60 Hz,"HDR TV, Flat Screen",Black,"Netflix, Downloadable Apps","USB, Coaxial F, HDMI",,100012584,ONN,,43 in,0681131308267,,,,,,,,,,,,,,,,,,,,,,,,,,,,,,,,,,,,,,,,,,,,,,,,,,,,,,,
"32-inch Class F20 Series Smart HD 720pTV (NS-32DF310NA19, 2018 Model)",90.99,30-day returns, ,"New: A brand-new, unused, unopened, undamaged item in its original packaging (where packaging is applicable). Packaging should be the same as what is found in a retail store, unless the item is handmade or was packaged by the manufacturer in non-retail packaging, such as an unprinted box or plastic bag. See the seller's listing for full details. ",LCD,NS-32DF310NA19,720p (HD),60 Hz,,Black,Voice remote control,"Ethernet, HDMI, USB, ARC, composite input, Antenna/Cable Input",,,Unbranded,,32 in,Does not apply,,,,,,,,,,,,,,,,,,,,,,,,,,,,,,,,,,,,,,,,,,,,,,,,,,,,,,,
Hisense 43 Inch H55 Series FHD Full HD Smart Android TV with DTS Studio Sound 43,249.99,37 sold,"[""for the price,...this television is unbeatable. works perfect, super easy setup,...best tv i've ever owned. (2 days in so far so good)"", 'My son got this as an early Christmas present and not one conplaint! He is the type of kid who sees the differences in quality of TV pictures and video, and he likes it!', 'I like the easy access to Netflix,  YouTube ... I also like the voice assistant aspect with my phone.A little time and effort to figure it out but it was there I just needed to figure it all out im talking about the first time I started the TV it tock a bit to get everything loaded and downloaded but difficulty rate of 3 out of 10 is fair just on that ? Of ease of use. After its set up very simple.', ""I'm very pleased with the quality of the HD TV.  It was easy to set up and was watching TV in no time.  There is an issue with the legs for the tv because it leans forward and the screws are hard to tighten the way they should."", ""Great tv , great picture , but instructions are lame. Doesn't tell you how to set the clock or sleep timer. Other than that , I love it !!!"", 'Prior to purchasing this 43"", I own a 65"" which I love. This 43"" is clear, sharp, and it\'s the right size for my bedroom!', 'for my use, very good  my old school had to ask about set up.  then the comment, "" that was easy "".  most of use will be dvd so the picture and sound is excellent', 'I bought this for my 12yr old  for Christmas  it was well packed all there  easy to set up  and  quick mount on the wall   I would  say it took less time to set up  than to get it out of the box  and very light weight  needed  no other help   REAL NICE CHANGE FROM  OTHER  TV', 'I have had an amazing experience from start to finish. Shipping was very fast and I love my new TV! It‚Äôs perfect. ', 'I would definitely buy again! My son loves this TV in his room!!']","New: A brand-new, unused, unopened, undamaged item in its original packaging (where packaging is applicable). Packaging should be the same as what is found in a retail store, unless the item is handmade or was packaged by the manufacturer in non-retail packaging, such as an unprinted box or plastic bag. See the seller's listing for full details. ",LED,43H5500G,1080p (FHD),60 Hz,"Bluetooth, Wi-Fi Enabled, Ethernet Port, Wall Mountable, Remote Control Included",Black,"Netflix, Internet Streaming Interface, Android TV, Downloadable Apps, Internet Browsing","Digital Audio Optical TOSLINK, USB, Coaxial F, Composite Video RCA, HDMI",2020,43H5500G,Hisense,,43 in,888143007878,,,,,ATSC,No,Not Supported,0888143007878,,,,,,,,,,,,,China,,,,,,,,,,,,,,,,,,,,,,,,,,,,,,,,,,
Samsung QN75LS03AA 75‚Äù The Frame QLED UHD 4K Smart TV QN75LS03AAFXZA (2021),1829.0,73 sold, ,"New: A brand-new, unused, unopened, undamaged item in its original packaging (where packaging is applicable). Packaging should be the same as what is found in a retail store, unless the item is handmade or was packaged by the manufacturer in non-retail packaging, such as an unprinted box or plastic bag. See the seller's listing for full details. ",LED,Samsung The Frame LS03A,2160p (4K),120 Hz,"UpScaling to 4K, Wi-Fi Enabled, Local Dimming, Wall Mountable, HDR TV, RS-232C",Black,"Internet Streaming Interface, Home Automation Control, Voice Interaction, Screen Mirroring, Home Network Streaming, Internet Browsing","Digital Audio Optical TOSLINK, Coaxial F, HDMI, USB 2.0",2021,"QN75LS03A, QN75LS03AAFXZA",Samsung,,75 in,887276522616,,,,,"QAM, ATSC",,,,,,,,,,,,,,,,,,Black,,,,,,,,,,,,,,,,,,,,,,,,,,,,,,,,
"Samsung 55"" inch 4K LED Smart TV 7 Series HDR Ultra HD *Cyber Deal* [2-DayShip]",499.99,Last item available, ,"New: A brand-new, unused, unopened, undamaged item in its original packaging (where packaging is applicable). Packaging should be the same as what is found in a retail store, unless the item is handmade or was packaged by the manufacturer in non-retail packaging, such as an unprinted box or plastic bag. See the seller's listing for full details. ",LED,Samsung TU7000,2160p (4K),60 Hz,"Wi-Fi Enabled, Wall Mountable",Gray,"Internet Streaming Interface, Home Network Streaming, Internet Browsing","Coaxial F, HDMI, USB 2.0",2020,UN55TU7000FXZA,Samsung,,55 in,0887276400044,1 Star,,,,"QAM, ATSC",,,0887276400044,,,,,,,,,,,A - G,,,,,,,,,,,,,,,,,,,,,,,,,,,,,,,,,,,,
"*NEW* ONN 43"" Class 4K UHD (2160P) LED Roku Smart TV HDR (100012584)",240.0, , ,"New: A brand-new, unused, unopened, undamaged item in its original packaging (where packaging is applicable). Packaging should be the same as what is found in a retail store, unless the item is handmade or was packaged by the manufacturer in non-retail packaging, such as an unprinted box or plastic bag. See the seller's listing for full details. ",LED,100012584,2160p (4K),60 Hz,HDR TV,Black,"Closed Captioning (CC), Downloadable Apps, Internet Browsing, Netflix, Roku TV",HDMI,,100012584,ONN,,43 in,,A+++,,,,,,,,,,,,,,,,,,,,,,,,,,,,,,,,,,,,,,,,,,,,,,,,,,,,,,
Net'flix HDMI ULTRA HD 4K SAMSUNG LG Smart QLED ,6.95,56 sold, ,"New: A brand-new, unused, unopened, undamaged item in its original packaging (where packaging is applicable). Packaging should be the same as what is found in a retail store, unless the item is handmade or was packaged by the manufacturer in non-retail packaging, such as an unprinted box or plastic bag. See the seller's listing for full details. ",QLED,Samsung Q80T,4K,60 Hz,"2 Port USB Hub, 3D Glasses Included, Ambient Light",Red,"Android TV, Closed Captioning (CC), Downloadable Apps, Home Automation Control, Home Network Streaming, Internet Streaming Interface, Netflix","Audio-In Jack (3.5mm), Bluetooth, HDMI, SCART, S-Video, USB",2013,k80t,Samsung,1 Month,55in,,2 Stars,,,,DVB-C,Yes,Active 3D Technology,,,,,,,,,,,,A+ - G,,Brazil,,,,,,,,,,,,,,,,,,,,,,,,,,,,,,,,,,
Net'flix HDMI ULTRA HD 4K SAMSUNG LG Smart QLED,6.85, , ,"New: A brand-new, unused, unopened, undamaged item in its original packaging (where packaging is applicable). Packaging should be the same as what is found in a retail store, unless the item is handmade or was packaged by the manufacturer in non-retail packaging, such as an unprinted box or plastic bag. See the seller's listing for full details. ",QLED,SAMSUNG LG Smart QLED,2160p (4K),,,,Netflix,HDMI,2013,,Samsung,1 Month,55 in,,,,,,,,,,,,,,,,,,,,A - G,,,,,,,,,,,,,,,,,,,,,,,,,,,,,,,,,,,,
"7"" HD Smart LCD TV Mini LED Music Television Player Audio Subwoofer HDMI USB",90.58,60-day returns, ,"New: A brand-new, unused, unopened, undamaged item in its original packaging (where packaging is applicable). Packaging should be the same as what is found in a retail store, unless the item is handmade or was packaged by the manufacturer in non-retail packaging, such as an unprinted box or plastic bag. See the seller's listing for full details. ",LCD,1080P,1080p (FHD),,Wall Mountable,,,HDMI,,Does Not Apply,Unbranded,,,,,,,,,,,,,,,,,,800*480,,,,,,,,,US Plug,Metal,PAL/SECAM/NTSC,100-240V,2 * 32mm round speakers,,,,,,,,,,,,,,,,,,,,,,,,,,,
"New Hisense 32"" Class 720P HD LED Roku Smart TV 32H4030F1 With Remote",174.99,Last item available,"['Great tv. Easy to program &amp; operate. I can also stream my favorite music on it too. Very convenient. I am very satisfied. ', 'Awesome tv great picture quality...high volume speakers so far so good ', ""I got this TV because I have one like it in another room. It's easy to use, it was a no fuss set up and I recommend it to be a great TV for bedrooms, or any room."", 'My Daughter loves her tv. Thank you very much ', 'Came as advertised no damage', 'It‚Äôs a great product makes the tv stand out.     Thank you', 'Grasias porel arriculo de muy buena calidada']","New: A brand-new, unused, unopened, undamaged item in its original packaging (where packaging is applicable). Packaging should be the same as what is found in a retail store, unless the item is handmade or was packaged by the manufacturer in non-retail packaging, such as an unprinted box or plastic bag. See the seller's listing for full details. ",LED,32H4030F1,720p,60 Hz,12V/240V TV,Black,"Netflix, Internet Streaming Interface, Android TV, Downloadable Apps, Home Network Streaming, Internet Browsing","Digital Audio Optical TOSLINK, USB, Coaxial F, HDMI",Dec 2019,32H4030F1,Hisense,,32 in,0819130025896,A+++,,,,ATSC,,,,Hisense,28.70 x 6.70 x 18.40 Inches,32H4030F1,"HDMI, USB, Optical",VUDU; Netflix; Youtube; Showtime; Starz; Google Play; Sling; Hulu,Y,720p,19 lb,,Flat,,H4 Series,,,,,,,,,,,,,,,,,,,,,,,,,,,,,,,,,,,
"TCL 55S431 58"" Class 4-series 4k UHD HDR Roku Smart TV",489.99,9 watchers, ,"New: A brand-new, unused, unopened, undamaged item in its original packaging (where packaging is applicable). Packaging should be the same as what is found in a retail store, unless the item is handmade or was packaged by the manufacturer in non-retail packaging, such as an unprinted box or plastic bag. See the seller's listing for full details. ",LED,55S431,4K UHD,120 Hz,"12V/240V TV, HDR TV",Black,Android TV,"Coaxial F, HDMI, USB",,55S431,TCL,,58 in,,,,,,ATSC,,"2D to 3D Conversion, 3D to 2D Conversion",,,,,,,,,,,,,,,,,,,,,,,,,,,,,,,,,,,,,,,,,,,,,,,,
"NEW Insignia 24‚Äù Class F20 Series Smart HD 720p Amazon Fire TV, 2020 Model",,30-day returns, ,"New: A brand-new, unused, unopened, undamaged item in its original packaging (where packaging is applicable). Packaging should be the same as what is found in a retail store, unless the item is handmade or was packaged by the manufacturer in non-retail packaging, such as an unprinted box or plastic bag. See the seller's listing for full details. ",LED,NS-24DF310NA21,720p (HD),60 Hz,"Anti-Glare, Flat Screen, Wi-Fi Ready, 60Hz panel refresh rate, 3 HDMI Inputs, Voice Remote, smart TV, 1 USB port, Headphone Jack, Dolby sound, Alexa",Black,Downloadable Apps,"USB, HDMI",2020,NS24DF310NA21,Insignia,1 Year,24 in,0600603273322,A+,,,,ATSC,No,No,0600603273322,,,,,,,,,,,,,China,,,,,,,,,,,,,,,,,,,,,,,,,,,,,,,,,,
"VIZIO 50"" Smart TV (Latest Model)(New)",300.0, , ,"New: A brand-new, unused, unopened, undamaged item in its original packaging (where packaging is applicable). Packaging should be the same as what is found in a retail store, unless the item is handmade or was packaged by the manufacturer in non-retail packaging, such as an unprinted box or plastic bag. See the seller's listing for full details. ",LED,V505-J09,2160p (4K),60 Hz,"Anti-Glare, Ambient Light, Built-in Speakers, Eco Mode, Game Mode, Wi-Fi Ready, HDR TV, Remote Control Included",Black,"Downloadable Apps, Netflix, Internet Streaming Interface",,,,VIZIO,,50 in,,,,,,,,,,,,,,,,,,,,,,,,,,,,,,,,,,,,,,,,,,,,,,,,,,,,,,,,
Hisense 40-Inch 40H5500F Class H55 Series Android Smart TV with Voice Remote,300.0, , ,"New: A brand-new, unused, unopened, undamaged item in its original packaging (where packaging is applicable). Packaging should be the same as what is found in a retail store, unless the item is handmade or was packaged by the manufacturer in non-retail packaging, such as an unprinted box or plastic bag. See the seller's listing for full details. ",LED,Hisense 40H5500F,1080p (FHD),,,,Android TV,,,,Hisense,,40 in,,,,,,,,,,,,,,,,,,,,,,,,,,,,,,,,,,,,,,,,,,,,,,,,,,,,,,,,
"SAMSUNG SMART LED TV 32"" CLASS (31.5"") Latest Canada Model",599.99, , ,"New: A brand-new, unused, unopened, undamaged item in its original packaging (where packaging is applicable). Packaging should be the same as what is found in a retail store, unless the item is handmade or was packaged by the manufacturer in non-retail packaging, such as an unprinted box or plastic bag. See the seller's listing for full details. ",LED,UN32M4500,"SMART LED TV 32""","SMART LED TV 32""","SMART LED TV 32""","SMART LED TV 32""","SMART LED TV 32""","SMART LED TV 32""",,5891532,Samsung,1 Month,32 in,887276258638,,,,,"SMART LED TV 32""",No,"SMART LED TV 32""",,,,,,,,,,,,,,Vietnam,,,,,,,,,,,,,,,,,,,,,,,,,,,,,,,,,,
"SAMSUNG SMART 4K TV 43"" CLASS (42.5""), Latest Canada Model",999.99, , ,"New: A brand-new, unused, unopened, undamaged item in its original packaging (where packaging is applicable). Packaging should be the same as what is found in a retail store, unless the item is handmade or was packaged by the manufacturer in non-retail packaging, such as an unprinted box or plastic bag. See the seller's listing for full details. ",SMART 4K TV,UN43TU7000,SMART 4K TV,SMART 4K TV,SMART 4K TV,SMART 4K TV,SMART 4K TV,SMART 4K TV,,5107043,Samsung,1 Month,43 in,887276403731,,,,,SMART 4K TV,No,SMART 4K TV,,,,,,,,,,,,,,Mexico,,,,,,,,,,,,,,,,,,,,,,,,,,,,,,,,,,
50-Inch Class SAMSUNG TV LED Smart 4K Crystal HDR UHD TU7000 - SEALED,549.0,13 watchers,"['The images on the screen are even more clear than what we had with our previous tv. I respect Samsung after having a 42"" tv lasted us 15 years, and will still function visually, just not audio. This tv doesn\'t have 10-20 red/white/yellow holes for audio/video games which was very nice to not have to deal with when setting it up. It\'s much lighter than our previous tv also. This was definitely a smart purchase. I\'ve also had Samsung cell phones, and they are always reliable.', ""I have gotten vizio and LG tvs before and I can say without a doubt that samsung tvs have the best user interface. Also if you have spectrum tv, samsung is the only brand I know of that will let you download the spectrum tv app... LG may have better image quality, but it doesn't matter if the user interface doesn't reflect their image quality. I would pick samsung tvs over any other brand. "", ""It is easy to lift , easy to set up and the picture quality blew me away the sound is of great quality also. I believe I'm going to be very happy with this purchase"", 'Name Brand , Works soo well , It is Smart , Arrived on Time , Great Price , Happy as can be , do not wait , Buy one . ', 'It is a nice TV but you have to sign your privacy away by agreeing to two different agreements which state they are going to monitor your usage and sell the information to advertisers.  Also, you cannot install any apps like Amazon Prime without creating an account at the samsung website which ties your information to your email address.  Very Frustrating.', 'Excellent picture. Easy to set up. Remote control is easy to use.', 'I am very happy with the Samsung TV great picture quality no complaints, thanks ', ""High quality picture and sound, pretty lightweight and easy to use, for what you get at this price...it's steal. Highly recommended.üëçüëçüëç"", 'This TV is very good. Picture quality and sound is excellent. Price is not bad either. ', 'Great TV, easy to set up']","New: A brand-new, unused, unopened, undamaged item in its original packaging (where packaging is applicable). Packaging should be the same as what is found in a retail store, unless the item is handmade or was packaged by the manufacturer in non-retail packaging, such as an unprinted box or plastic bag. See the seller's listing for full details. ",LED,Samsung TU7000,2160p (4K),60 Hz,"Wi-Fi Enabled, Wall Mountable",Gray,"Internet Streaming Interface, Home Network Streaming, Internet Browsing","Coaxial F, HDMI, USB 2.0",2020,UN50TU7000FXZA,Samsung,,50 in,705353385513,,Smart TV,,,"QAM, ATSC",,,0313105424498,Samsung,44.00 x 9.80 x 28.10 Inches,UN50TU7000FXZA,2 x HDMI; 1 x USB (2.0); 1 x Composite In (AV); 1 x Digital Audio,"Netflix, HBO NOW, Hulu, CBS, VUDU, Google Play Movies & TV, YouTu",Y,4K UHD,25.6 lbs,Does not apply,Flat,,7 Series,,,,,,,,,9.80,44,28.10,For Sony,,,,,,,,,,,,,,,,,,,,,,,
Samsung T5500 108cm (43 Inch) Full HD LED Smart TV ,1249.0,Free shipping and returns, ,"New: A brand-new, unused, unopened, undamaged item in its original packaging (where packaging is applicable). Packaging should be the same as what is found in a retail store, unless the item is handmade or was packaged by the manufacturer in non-retail packaging, such as an unprinted box or plastic bag. See the seller's listing for full details. ",LED,Samsung T5500,‚Äé1920 x 1080 pixels,,,Black,Full HD Smart LED TV,,,,Samsung,,43 in,Does not apply,,,,,,,,,,,,,,,,,,,,,,,,,,,,,,,,,,,,,,,,,,,,,,,,,,,,,,,
"Samsung Un75nu7100 75"" 4K LED Smart UHD TV",1200.0,9 watchers, ,"New: A brand-new, unused, unopened, undamaged item in its original packaging (where packaging is applicable). Packaging should be the same as what is found in a retail store, unless the item is handmade or was packaged by the manufacturer in non-retail packaging, such as an unprinted box or plastic bag. See the seller's listing for full details. ",LED,NU7100,2160p (4K),60 Hz,"Wall Mountable, Flat Screen",,,HDMI,,UN75NU7100FXZA,Samsung,,75 in,0843342127666,,,,,ATSC,,,,,,,,,,,,,,,,,,,,,,,,,,,,,,,,,,,,,,,,,,,,,,,,,,
"Samsung TU7000 50"" 4K LED Smart TV - Titan Gray",635.0, ,"['The images on the screen are even more clear than what we had with our previous tv. I respect Samsung after having a 42"" tv lasted us 15 years, and will still function visually, just not audio. This tv doesn\'t have 10-20 red/white/yellow holes for audio/video games which was very nice to not have to deal with when setting it up. It\'s much lighter than our previous tv also. This was definitely a smart purchase. I\'ve also had Samsung cell phones, and they are always reliable.', ""I have gotten vizio and LG tvs before and I can say without a doubt that samsung tvs have the best user interface. Also if you have spectrum tv, samsung is the only brand I know of that will let you download the spectrum tv app... LG may have better image quality, but it doesn't matter if the user interface doesn't reflect their image quality. I would pick samsung tvs over any other brand. "", ""It is easy to lift , easy to set up and the picture quality blew me away the sound is of great quality also. I believe I'm going to be very happy with this purchase"", 'Name Brand , Works soo well , It is Smart , Arrived on Time , Great Price , Happy as can be , do not wait , Buy one . ', 'It is a nice TV but you have to sign your privacy away by agreeing to two different agreements which state they are going to monitor your usage and sell the information to advertisers.  Also, you cannot install any apps like Amazon Prime without creating an account at the samsung website which ties your information to your email address.  Very Frustrating.', 'Excellent picture. Easy to set up. Remote control is easy to use.', 'I am very happy with the Samsung TV great picture quality no complaints, thanks ', ""High quality picture and sound, pretty lightweight and easy to use, for what you get at this price...it's steal. Highly recommended.üëçüëçüëç"", 'This TV is very good. Picture quality and sound is excellent. Price is not bad either. ', 'Great TV, easy to set up']","New: A brand-new, unused, unopened, undamaged item in its original packaging (where packaging is applicable). Packaging should be the same as what is found in a retail store, unless the item is handmade or was packaged by the manufacturer in non-retail packaging, such as an unprinted box or plastic bag. See the seller's listing for full details. ",LED,Samsung TU7000,2160p (4K),,"Wi-Fi Enabled, Wall Mountable",Gray,"Internet Streaming Interface, Home Network Streaming, Internet Browsing","Coaxial F, HDMI, USB 2.0",2020,UN50TU7000FXZA,Samsung,,50 in,0887276402147,,,,,"QAM, ATSC",,,,,,,,,,,,,,,,,,,,,,,,,,,,,,,,,,,,,,,,,,,,,,,,,,
Net'flix HDMI ULTRA HD 4K SAMSUNG LG Smart QLED,20.0, , ,"New: A brand-new, unused, unopened, undamaged item in its original packaging (where packaging is applicable). Packaging should be the same as what is found in a retail store, unless the item is handmade or was packaged by the manufacturer in non-retail packaging, such as an unprinted box or plastic bag. See the seller's listing for full details. ",QLED,SAMSUNG LG Smart QLED,2160p (4K),,,,Netflix,HDMI,2013,,Samsung,3 Months,55 in,,,,,,,,,,,,,,,,,,,,,,,,,,,,,,,,,,,,,,,,,,,,,,,,,,,,,,,,
LG OLED65C1 65 inch Class 4K Smart OLED TV w/AI ThinQ  OLED65C1PUB,1599.0,118 sold, ,"New: A brand-new, unused, unopened, undamaged item in its original packaging (where packaging is applicable). Packaging should be the same as what is found in a retail store, unless the item is handmade or was packaged by the manufacturer in non-retail packaging, such as an unprinted box or plastic bag. See the seller's listing for full details. ",OLED,OLED65C1PUB,2160p (4K),120 Hz,"Built-in Speakers, Flat Screen, Game Mode, HDR TV, HDTV Enabled, Mirror TV, Remote Control Included, Sleep Timer, Sports Mode, UpScaling to 4K, Virtual Surround, Wall Mountable, Wallpaper TV, Wide View Angle, Widescreen (16:9), Wi-Fi Ready, Wi-Fi Enabled",,"Downloadable Apps, Home Automation Control, Home Network Streaming, Internet Browsing, Internet Streaming Interface, Netflix, Opera TV, Screen Mirroring, Video Calling, Voice Interaction","DisplayPort, HDMI, TV Anetnna, USB",,,LG,,65 in,,,,,,,,,,,,,,,,,,,,,,,,,,,,,,,,,,,,,,,,,,,,,,,,,,,,,,,,
Net'flix HDMI ULTRA HD 4K SAMSUNG LG Smart QLED,6.95, , ,"New: A brand-new, unused, unopened, undamaged item in its original packaging (where packaging is applicable). Packaging should be the same as what is found in a retail store, unless the item is handmade or was packaged by the manufacturer in non-retail packaging, such as an unprinted box or plastic bag. See the seller's listing for full details. ",QLED,SAMSUNG LG Smart QLED,2160p (4K),60 Hz,"12V/240V TV, 2 Port USB Hub, Eco Mode",Red,"Android TV, Netflix",HDMI,,43un7000,Samsung,,43 in,,2 Stars,,,,,,,,,,,,,,,,,,A+ - G,,,,,,,,,,,,,,,,,,,,,,,,,,,,,,,,,,,,
"TCL 55"" Class 4-Series 4K UHD HDR Smart Roku TV - 55S435",610.34,30-day returns,"['Good price for the size of tv. Easy to setup all the apps I already had. Great price an sound. Would definitely buy again. ', ""I never had a smart tv. It has so many apps. I didn't use it for the first 2 days. I was afraid of it. lol Then I had my son-in-law come and show me how to work it. Since then I have not stopped watching it. It's the best tv I have ever bought. I would recommend this tv to anyone. I am 66 and loving it!!!"", 'I feel the price was ok for the size TV 55inch but the resolution is not so good lacks speed but I really don‚Äôt care because I put it in my guest room but personally I would buy Sony for my room last for a long time and the resolution is amazing but the price is a lot more  definitely worth it when compared to TLC ', 'tv has very good picture, easy to set up', 'Excellent tv. You can watch free tv, or any show in the internet. Great quality.', 'I got everything I wanted in a New 55in. Television üì∫! My Roku TV is Wonderful!', 'The quality is everything... Picture in UHD is by far better then HDR.. THEY SHOULD NOT BE IN THE SAME SENTENCE... ', 'Great T.V., really like it. Nice picture, sound is OK, easy to use!', 'I have had this TV for less than 2months and the picture is black. Worst purchase ever!', 'All PRO, no cons! Magnificent picture! Love it!!']","New: A brand-new, unused, unopened, undamaged item in its original packaging (where packaging is applicable). Packaging should be the same as what is found in a retail store, unless the item is handmade or was packaged by the manufacturer in non-retail packaging, such as an unprinted box or plastic bag. See the seller's listing for full details. ",LED,TCL 55S435,2160p (4K),,"Wall Mountable, HDR TV",Black,"Voice Interaction, Downloadable Apps","Digital Audio Optical TOSLINK, USB, Composite Video RCA, HDMI, TV Anetnna",,55S435,TCL,,55 in,846042016889,,,,,,,,0846042016889,,,,,,,,,,,,,,,,,,,,,,,,,,,,,,,,,,,,,,,,,,,,,,,
Samsung T5500 108cm (43 Inch) Full HD LED Smart TV ,999.0,Free shipping and returns, ,"New: A brand-new, unused, unopened, undamaged item in its original packaging (where packaging is applicable). Packaging should be the same as what is found in a retail store, unless the item is handmade or was packaged by the manufacturer in non-retail packaging, such as an unprinted box or plastic bag. See the seller's listing for full details. ",LED,Samsung T5500,Full HD LED Smart TV,,,,,,,,Samsung,,43 in,Does not apply,,,,,,,,,,,,,,,,,,,,,,,,,,,,,,,,,,,,,,,,,,,,,,,,,,,,,,,
Hisense 32-in. Smart 720p TV 32H41G (Latest Canada Model) ,349.99,30-day returns, ,"New: A brand-new, unused, unopened, undamaged item in its original packaging (where packaging is applicable). Packaging should be the same as what is found in a retail store, unless the item is handmade or was packaged by the manufacturer in non-retail packaging, such as an unprinted box or plastic bag. See the seller's listing for full details. ",LCD,Hisense H4G,1080p (FHD),120 Hz,"Virtual Surround, Wi-Fi Enabled, Headphone Jack, Wall Mountable",Black,"Voice Interaction, Internet Browsing","Digital Audio Optical TOSLINK, USB, HDMI",,8684032,Hisense,1 Month,32 in,0888143008066,see pack,,,,SEE PACK,No,see pack,,,,,,,,,,,,,,China,,,,,,,,,,,,,,,,,,,,,,,,,,,,,,,,,,
"LG 65UP78003 TV 65in(65) 4K Ultra HD Smart TV wi-Fi Black """,858.58,30-day returns, ,"New: A brand-new, unused, unopened, undamaged item in its original packaging (where packaging is applicable). Packaging should be the same as what is found in a retail store, unless the item is handmade or was packaged by the manufacturer in non-retail packaging, such as an unprinted box or plastic bag. See the seller's listing for full details. ",LED,Does not apply,3840 x 2160 Pixel,60 Hz,Flat Screen,Black,,,,SKUPWTC40962,LG,,"65""",,,Smart TV,,,,,,8806091223548,,,,,,,,,,,,,,,,,,,,,,,,,G,A - G.,65UP78003,,,,,,,,,,,,,,,,,,,,
"SAMSUNG UE43AU7172U 43in (43) 4K Ultra HD Smart TV wi-Fi Grey """,598.49,30-day returns, ,"New: A brand-new, unused, unopened, undamaged item in its original packaging (where packaging is applicable). Packaging should be the same as what is found in a retail store, unless the item is handmade or was packaged by the manufacturer in non-retail packaging, such as an unprinted box or plastic bag. See the seller's listing for full details. ",ND,Does not apply,ND,,,ND,,,,SKUPWTC40213,Samsung,,ND,,,ND,,,,,,8806092076396,,,,,,,,,,,,,,,,,,,,,,,,,,,ND,ND,ND,ND,ND,,,,,,,,,,,,,,,,
"LG 43UP7500 43in (43) 4K Ultra HD Smart TV wi-Fi Black """,474.81,30-day returns, ,"New: A brand-new, unused, unopened, undamaged item in its original packaging (where packaging is applicable). Packaging should be the same as what is found in a retail store, unless the item is handmade or was packaged by the manufacturer in non-retail packaging, such as an unprinted box or plastic bag. See the seller's listing for full details. ",LED,Does not apply,3840 x 2160 Pixel,,,Black,,,,SKUPWTC40421,LG,,"43""",,,,,,,,,8806091218131,,,,,,,,,,,,,,,,,,,,,,,,,,,43UP7500,,,,,,,,,,,,,,,,,,,,
"LG 28tn515s-pz TV 27 1/2in (27.5) HD Smart TV wi-Fi Black """,343.88,30-day returns, ,"New: A brand-new, unused, unopened, undamaged item in its original packaging (where packaging is applicable). Packaging should be the same as what is found in a retail store, unless the item is handmade or was packaged by the manufacturer in non-retail packaging, such as an unprinted box or plastic bag. See the seller's listing for full details. ",LED,Does not apply,768p,,"Built-in Speakers, Wall Mountable",Black,,,,28TN515SPZ,LG,,"28""",,,ND,,,,,,8806098785407,,,,,,,,,,,,,,,,,,,,,,,,,,,LG 28TN515S-PZ,,ND,,ND,Navigation Web,"USB 2.0, TV Antenna, HDMI",ND,ND,,,,,,,,,,,,
"LG 55UN711C 55in (55) 4K Ultra HD Smart TV wi-Fi Black """,660.97,30-day returns, ,"New: A brand-new, unused, unopened, undamaged item in its original packaging (where packaging is applicable). Packaging should be the same as what is found in a retail store, unless the item is handmade or was packaged by the manufacturer in non-retail packaging, such as an unprinted box or plastic bag. See the seller's listing for full details. ",LED,Does not apply,2160p (4K),60 Hz,"Flat Screen, Wi-Fi Ready, HDR TV, Bluetooth",Black,,,,SKUPWTC40947,LG,,"55""",,,,,,,,,8806091029942,,,,,,,,,,,,,,,,,,,,,,,,,,,,,,,,Navigation Web,TV Antenna,,,DVB-T,DVB-S2,DVB-C,DVB-S,Applications download,HDMI,DVB-T2,Netflix,,,,
LG Smart TV 42LF5800  Full HD LED Wide View IPS 1920x1080 Surround 2.0ch,1899.99,59 watchers, ,"New: A brand-new, unused, unopened, undamaged item in its original packaging (where packaging is applicable). Packaging should be the same as what is found in a retail store, unless the item is handmade or was packaged by the manufacturer in non-retail packaging, such as an unprinted box or plastic bag. See the seller's listing for full details. ",LED,42LF5800,1080p,,,,,,,322L00FH,LG,,106cm,8806087322217,,,,,,,,,,,,,,,,,,,,,,,,,,,,,,,,,,,,,,,,,,,,,,,,,,,,,,,
Hisense 43-in. 4K HDR Roku Smart TV 43R61G (Canada Model),599.99,7 watchers, ,"New: A brand-new, unused, unopened, undamaged item in its original packaging (where packaging is applicable). Packaging should be the same as what is found in a retail store, unless the item is handmade or was packaged by the manufacturer in non-retail packaging, such as an unprinted box or plastic bag. See the seller's listing for full details. ",Full-Array LED-LCD,43R61G,3840x2160 (4K UHD),60Hz,HDR TV,see pack,Smart TV 43R61G,see pack,,8696343,Hisense,,43 in,888143010236,see pack,,,,,,see pack,,,,,,,,,,,,,,China,,,,,,,,,,,,,,,,,,,,,,,,,,,,,,,,,,
"VIZIO V-Series 58"" 4K LED Smart TV - V585-J01",721.43,30-day returns, ,"New: A brand-new, unused, unopened, undamaged item in its original packaging (where packaging is applicable). Packaging should be the same as what is found in a retail store, unless the item is handmade or was packaged by the manufacturer in non-retail packaging, such as an unprinted box or plastic bag. See the seller's listing for full details. ",LED,V585-J01,2160p (4K),,,,,,,008-09-0077,Vizio,,58 in,845226019630,,,,,,,,,,,,,,,,,,,,,,,,,,,,,,,,,,,,,,,,,,,,,,,,,,,,,,,
"VIZIO V-Series 55"" Class 4K HDR Smart TV - V555-J01",689.69,30-day returns, ,"New: A brand-new, unused, unopened, undamaged item in its original packaging (where packaging is applicable). Packaging should be the same as what is found in a retail store, unless the item is handmade or was packaged by the manufacturer in non-retail packaging, such as an unprinted box or plastic bag. See the seller's listing for full details. ",LED,V-Series,2160p (4K),,,,,,,008-09-7847,Vizio,,"55""",845226019517,,,,,,,,,,,,,,,,,,,,,,,,,,,,,,,,,,,,,,,,,,,,,,,,,,,,,,,
"43"" LG 4K UHD 2160p USB Composite HDMI Smart LED LCD IPS TV 43UR640S0UD",623.76,30-day returns, ,"New: A brand-new, unused, unopened, undamaged item in its original packaging (where packaging is applicable). Packaging should be the same as what is found in a retail store, unless the item is handmade or was packaged by the manufacturer in non-retail packaging, such as an unprinted box or plastic bag. See the seller's listing for full details. ",LED,LG 43UR640S0UD,2160p 4K UHD 3840x2160,,,,,,,43UR640S0UD,LG,,"42""",195174014400,,,,,,,,,,,,,,,,,,,,,,,,,,,,,,,,,,,,,,,,,,,,,,,,,,,,,,,
Westinghouse 55 4K Ultra HD Roku Smart TV with HDR (WR55UX4019 / WR55UT4009),642.08,30-day returns, ,"New: A brand-new, unused, unopened, undamaged item in its original packaging (where packaging is applicable). Packaging should be the same as what is found in a retail store, unless the item is handmade or was packaged by the manufacturer in non-retail packaging, such as an unprinted box or plastic bag. See the seller's listing for full details. ",OLED,Roku TV,2160p (4K),,,,,,,008-09-1282,Westinghouse,,55,813784022645,,,,,,,,,,,,,,,,,,,,,,,,,,,,,,,,,,,,,,,,,,,,,,,,,,,,,,,
"VIZIO V-Series 50"" Class 4K HDR Smart TV - V505-J09",642.08,30-day returns, ,"New: A brand-new, unused, unopened, undamaged item in its original packaging (where packaging is applicable). Packaging should be the same as what is found in a retail store, unless the item is handmade or was packaged by the manufacturer in non-retail packaging, such as an unprinted box or plastic bag. See the seller's listing for full details. ",LED,V505-J09,2160p (4K),,,,,,,008-09-0634,Vizio,,50,845226019623,,,,,,,,,,,,,,,,,,,,,,,,,,,,,,,,,,,,,,,,,,,,,,,,,,,,,,,
SAMSUNG 75-inch Class QLED Q60T Series - 4K UHD Dual LED Quantum HDR Smart TV,1786.27,25 sold, ,"New: A brand-new, unused, unopened, undamaged item in its original packaging (where packaging is applicable). Packaging should be the same as what is found in a retail store, unless the item is handmade or was packaged by the manufacturer in non-retail packaging, such as an unprinted box or plastic bag. See the seller's listing for full details. ",Does not apply,Does not apply,Does not apply,,,,,,,,Does not apply,,Does not apply,7445017186133,,Does not apply,,,,,,07445017186133,,,,,,,,,Does not apply,,,,,,,,,,,,,,,,,,,,,,,,,,,,,,,,,,,Does not apply,,,
Insignia 32‚Äù Class LED HD Smart Fire TV Edition with Remote - Brand New In Box,189.99,18 watchers, ,"New: A brand-new, unused, unopened, undamaged item in its original packaging (where packaging is applicable). Packaging should be the same as what is found in a retail store, unless the item is handmade or was packaged by the manufacturer in non-retail packaging, such as an unprinted box or plastic bag. See the seller's listing for full details. ",LED,Does not apply,Does not apply,,,,,,,NA,Insignia,,Does not apply,Does not apply,,,,,,,,,,,,,,,,,,,,,,,,,,,,,,,,,,,,,,,,,,,,,,,,,,,,,"32""",Smart HDTV Fire TV,
Sceptre 50 inch 4K TV,400.0, , ,"New: A brand-new, unused, unopened, undamaged item in its original packaging (where packaging is applicable). Packaging should be the same as what is found in a retail store, unless the item is handmade or was packaged by the manufacturer in non-retail packaging, such as an unprinted box or plastic bag. See the seller's listing for full details. ",LED,Sceptre U515CV-U,2160p (4K),120 Hz,Flat Screen,Black,"Android TV, Closed Captioning (CC), Downloadable Apps, Electronic Program Guide (EPG), Home Network Streaming, Internet Browsing, Internet Streaming Interface, Netflix, Screen Mirroring, Smart Home Compatible","Bluetooth, Ethernet, HDMI, USB, USB 2.0, USB 3.0",,"Fast Loading, High Quality",Sceptre,3 Months,50 in,,A+++,,,,,,,,,,,,,,,,,,A+++ - G,,,,,,,,,,,,,,,,,,,,,,,,,,,,,,,,,,,,
Insignia NS-39DF310NA21 24-inch Smart HD 720p TV With Built In Fire TV I NEW,289.99, , ,"New: A brand-new, unused, unopened, undamaged item in its original packaging (where packaging is applicable). Packaging should be the same as what is found in a retail store, unless the item is handmade or was packaged by the manufacturer in non-retail packaging, such as an unprinted box or plastic bag. See the seller's listing for full details. ",HD,NS-39DF310NA21,720p (HD),60 Hz,Built-in Speakers,Black,BUILT IN FIRE TV,HDMI,,SONY SAMSUNG LG,Insignia,,24 in,,A,,,,,,NONE,,,,,,,,,,,,A+++ - G,,,,,,,,,,,,,,,,,,,,,,,,,,,,,,,,,,,,
"VIZIO M6 65"" Ultra HD LED Smart TV - Black",765.0,5 watchers, ,"New: A brand-new, unused, unopened, undamaged item in its original packaging (where packaging is applicable). Packaging should be the same as what is found in a retail store, unless the item is handmade or was packaged by the manufacturer in non-retail packaging, such as an unprinted box or plastic bag. See the seller's listing for full details. ",LED,VIZIO M6,2160p (4K),60 Hz,Remote Control Included,Black,"Netflix, Internet Streaming Interface, Home Automation Control, Downloadable Apps","USB, HDMI, USB 2.0",,M65Q6-J09,VIZIO,,65 in,,,,,,,,,,,,,,,,,,,,,,,,,,,,,,,,,,,,,,,,,,,,,,,,,,,,,,,,
Insignia NS-39DF310NA21 39-inch Smart HD 720p TV With Built In Fire TV I NEW,389.99,13 watchers, ,"New: A brand-new, unused, unopened, undamaged item in its original packaging (where packaging is applicable). Packaging should be the same as what is found in a retail store, unless the item is handmade or was packaged by the manufacturer in non-retail packaging, such as an unprinted box or plastic bag. See the seller's listing for full details. ",HD,NS-39DF310NA21,720p (HD),60 Hz,Wall Mountable,Black,BUILT IN FIRE TV,HDMI,,SONY SAMSUNG LG,Insignia,,39 in,,A,,,,,No,NONE,,,,,,,,,,,,,,,,,,,,,,,,,,,,,,,,,,,,,,,,,,,,,,,,none
"Samsung UN75TU7000FXZA 75"" 4K LCD Smart TV - Titan Gray",939.0, , ,"New: A brand-new, unused, unopened, undamaged item in its original packaging (where packaging is applicable). Packaging should be the same as what is found in a retail store, unless the item is handmade or was packaged by the manufacturer in non-retail packaging, such as an unprinted box or plastic bag. See the seller's listing for full details. ",LCD,Samsung TU7000,2160p (4K),120 Hz,"Bluetooth, Wi-Fi Enabled, Ethernet Port, Wall Mountable, HDR TV, DLNA Certified, Flat Screen",Gray,"Internet Streaming Interface, Home Automation Control, Voice Interaction, Screen Mirroring, Home Network Streaming, Internet Browsing","Digital Audio Optical TOSLINK, Coaxial F, HDMI, USB 2.0",,UN75TU7000FXZA,Samsung,,75 in,0887276400082,,,,,"QAM, ATSC",,,,,,,,,,,,,,,,,,,,,,,,,,,,,,,,,,,,,,,,,,,,,,,,,,
Insignia 24-inch Smart HD TV - Fire TV with Remote ~ Brand New ,179.99,14 watchers, ,"New: A brand-new, unused, unopened, undamaged item in its original packaging (where packaging is applicable). Packaging should be the same as what is found in a retail store, unless the item is handmade or was packaged by the manufacturer in non-retail packaging, such as an unprinted box or plastic bag. See the seller's listing for full details. ",LED,F20,720P,,,Black,Amazon Fire TV,,,,Insignia,,24 in,Does not apply,,,,,,,,,,,,,,,,,,,,,,,,,,,,,,,,,,,,,,,,,,,,,,,,,,,,,,,
Insignia NS-39DF310NA21 39-inch Smart HD 720p TV With Built In Fire TV I NEW,399.99,7 watchers, ,"New: A brand-new, unused, unopened, undamaged item in its original packaging (where packaging is applicable). Packaging should be the same as what is found in a retail store, unless the item is handmade or was packaged by the manufacturer in non-retail packaging, such as an unprinted box or plastic bag. See the seller's listing for full details. ",HD,NS-39DF310NA21,720p (HD),60 Hz,Wall Mountable,Black,BUILT IN FIRE TV,HDMI,,SONY SAMSUNG LG,Insignia,,39 in,,A,,,,,No,NONE,,,,,,,,,,,,A+++ - G,,,,,,,,,,,,,,,,,,,,,,,,,,,,,,,,,,,,none
Toshiba 32 inch 720p HD Smart LED TV Fire TV Edition ~Brand New n Box,269.99,54 watchers, ,"New: A brand-new, unused, unopened, undamaged item in its original packaging (where packaging is applicable). Packaging should be the same as what is found in a retail store, unless the item is handmade or was packaged by the manufacturer in non-retail packaging, such as an unprinted box or plastic bag. See the seller's listing for full details. ",LED,Fire,720p (HD),,,,,,,,Toshiba,,32 in,Does not apply,,,,,,,,,,,,,,,,,,,,,,,,,,,,,,,,,,,,,,,,,,,,,,,,,,,,,,,
"Samsung 32"" Class Q50R QLED Smart 4K UHD TV with Bixby",799.0,Last item available, ,"New: A brand-new, unused, unopened, undamaged item in its original packaging (where packaging is applicable). Packaging should be the same as what is found in a retail store, unless the item is handmade or was packaged by the manufacturer in non-retail packaging, such as an unprinted box or plastic bag. See the seller's listing for full details. ",LED,QN32Q50,2160p (4K),120 Hz,Bluetooth,Black,"Internet Browsing, Netflix","Digital Audio Coaxial RCA, Digital Audio Optical TOSLINK",2019,QN32Q50,Samsung,None,32 in,887276369235,A+,,,,ATSC,No,Active 3D Technology,,,,,,,,,,,,,,Mexico,,,,,,,,,,,,,,,,,,,,,,,,,,,,,,,,,,
"TCL 43"" 4-SERIES 4K UHD HDR ROKU SMART TV 43S425 Television¬†", , ,"['So, assuming you‚Äôre already a TCL Roku tv owner, this has all the greatness of the previous models. It still has the electrical burning smell, which a lot of the types of TVs have. Not just this brand. There is just the one thing. When you hit the power button and turn it off, the screen does not fully turn off. There is a very low backlight that is always on. I read about this not being ‚Äúan issue‚Äù but rather a complete annoyance. All I can really say is deal with it, buy a WiFi outlet (like I did) and turn it off/unplug it after use or simply buy a new one. The QLEDs are supposed to be a much larger jump in greatness. Overall I‚Äôm happy with it but I hope the board doesn‚Äôt overheat and burn out the board due to this light being on. And it is not the indicator LED. If you go to the Roku forums, there is a lengthy discussion about this issue. But it‚Äôs still a great value and pictures. I‚Äôll probably never go to another brand. Just keep upgrading after a couple years. ', 'I‚Äôve already purchased this TV a couple years back and had it for 2 years without any issues or picture quality loss. I sold the tv and that‚Äôs why I had bought a new one recently. But without a doubt great value! ', ""Make sure you protect your TV, bought 2 and broke one on my own error of trying to just balance it. Good product, works well though my crappy phone doesn't screen mirror as it says it could.. but good size and beautiful display and tons of Roku Channels. Lots of free content. "", 'Bought for a gift and my daughter and her kids love it. Alll they have to decide is who has control of the remote.', 'Very good picture quality easy set easy to use Easy on the wallet.', 'This tv has a great picture and good sound quality especially for an awesome price. You will not be disappointed if you make this purchase ', 'Easy to setup. Crisp picture. Fairly lightweight. Works well with Chromecast. ', 'I love it good picture', 'remote must be close to tv to work even with new batteries', 'Why get an overpriced TV, when this TV has amazing image quality and a built in Roku!  I‚Äôm a gigantic fan!!!  It‚Äôs like having an Apple TV built into the TV!!!!  A+++++++']","New: A brand-new, unused, unopened, undamaged item in its original packaging (where packaging is applicable). Packaging should be the same as what is found in a retail store, unless the item is handmade or was packaged by the manufacturer in non-retail packaging, such as an unprinted box or plastic bag. See the seller's listing for full details. ",LED,TCL 43S425,2160p (4K),60 Hz,"Wi-Fi Enabled, Headphone Jack, Built-in Speakers, Ethernet Port, Wall Mountable, HDR TV, Remote Control Included",Black,"Netflix, Internet Streaming Interface, Android TV, Downloadable Apps, Internet Browsing","Digital Audio Optical TOSLINK, Coaxial F, Composite Video RCA, HDMI, USB 2.0",,43S435,TCL,,43 in,,,,,,ATSC,,Built-In 3D Transmitter,,,,,,,,,,,,,,,,,,,,,,,,,,,,,,,,,,,,,,,,,,,,,,,,
"Samsung UN50AU8000 50"" Ultra HD LED Smart TV - Black",635.0, , ,"New: A brand-new, unused, unopened, undamaged item in its original packaging (where packaging is applicable). Packaging should be the same as what is found in a retail store, unless the item is handmade or was packaged by the manufacturer in non-retail packaging, such as an unprinted box or plastic bag. See the seller's listing for full details. ",LED,Samsung UN50AU8000,2160p (4K),60 Hz,HDR TV,Black,Netflix,"USB, HDMI",,UN50AU8000FXZA,Samsung,,50 in,0887276522975,,,,,,,,,,,,,,,,,,,,,,,,,,,,,,,,,,,,,,,,,,,,,,,,,,,,,,,
"Samsung QN32Q50R 32"" QLED 4K Smart TV - Charcoal Black",625.0, ,"['Pros are majority. I actually have not yet received it but looking forward due to all positive things mentioned on this 32 inch TV. The only possible issue I might have is the space we have in our kitchen cabinet is right at 161/2 inches high. The TV is pretty much that height without stand. So we will see if I can either squeeze it in without stand or have to buy some form vesa mount. Will report once it is hopefully set up.', 'This is a great smaller tv with fantastic color, good sound and picture quality.  I would definitely buy again.', 'I didn""t get to use all the features cause our wi-fi went The picture is great and I can access movies', '32‚Äù Samsung Qled. Is the best tv ever make captures High quality pictures more than 100 channels with Cheap antenna only $10 dollars ', 'Beautiful picture and excellent sound. Very pleased with this product', 'Great TV but difficult to use remote and pair to Direct TV.', 'It has better sound, bright scenery and fine quality.', 'Best tv to I ever have!', 'updated  my 720 to HD tv big difference!!!  ', 'Excellent quality. Easy to use.']","New: A brand-new, unused, unopened, undamaged item in its original packaging (where packaging is applicable). Packaging should be the same as what is found in a retail store, unless the item is handmade or was packaged by the manufacturer in non-retail packaging, such as an unprinted box or plastic bag. See the seller's listing for full details. ",QLED,QN32Q50R,2160p (4K),120 Hz,"Bluetooth, Wi-Fi Enabled, Ethernet Port, Wall Mountable, HDR TV, RS-232C",Black,"Internet Streaming Interface, Home Automation Control, Screen Mirroring, Downloadable Apps, Home Network Streaming, Internet Browsing","Digital Audio Optical TOSLINK, Coaxial F, Composite Video RCA, HDMI, USB 2.0, Component (YPbPr) RCA",,QN32Q50RAFXZA,Samsung,,32 in,0887276368917,,,,,"QAM, ATSC",,,,,,,,,,,,,,,,,,,,,,,,,,,,,,,,,,,,,,,,,,,,,,,,,,
